City,apparent_temperature,apparent_temperature_mean,cloud_cover,dew_point_2m,hourly_datetime (UTC),precipitation,pressure_msl,relative_humidity_2m,shortwave_radiation,snow_depth,sunrise_local,sunset_local,surface_pressure,temperature_2m,temperature_2m_mean,uv_index,weather_code,wind_direction_10m,wind_gusts_10m,wind_speed_10m
Los Angeles,24.368143,28.148872,30.0,16.989578,2025-08-23 07:00:00+00:00,0.0,1011.1,71.0,0.0,0.0,2025-08-23 06:20:39-07:00,2025-08-23 19:30:10-07:00,1000.53455,22.5105,25.94175,0.0,3.0,239.0363,7.2,4.198285
Los Angeles,25.08696,28.148872,11.0,18.83855,2025-08-23 08:00:00+00:00,0.0,1011.1,80.0,0.0,0.0,2025-08-23 06:20:39-07:00,2025-08-23 19:30:10-07:00,1000.533,22.4605,25.94175,0.0,3.0,218.65984,6.12,4.6102495
Los Angeles,25.540974,28.148872,44.0,18.62781,2025-08-23 09:00:00+00:00,0.0,1010.8,78.0,0.0,0.0,2025-08-23 06:20:39-07:00,2025-08-23 19:30:10-07:00,1000.2431,22.6605,25.94175,0.0,3.0,260.53775,2.8799999,2.1897945
Los Angeles,25.197924,28.148872,1.0,17.885403,2025-08-23 10:00:00+00:00,0.0,1010.7,74.0,0.0,0.0,2025-08-23 06:20:39-07:00,2025-08-23 19:30:10-07:00,1000.14795,22.7605,25.94175,0.0,3.0,209.7448,4.32,2.9024127
Los Angeles,24.525816,28.148872,2.0,18.400732,2025-08-23 11:00:00+00:00,0.0,1010.5,80.0,0.0,0.0,2025-08-23 06:20:39-07:00,2025-08-23 19:30:10-07:00,999.9233,22.0105,25.94175,0.0,3.0,275.19434,6.8399997,3.9763298
Los Angeles,25.066542,28.148872,10.0,19.830269,2025-08-23 12:00:00+00:00,0.0,1010.6,91.0,0.0,0.0,2025-08-23 06:20:39-07:00,2025-08-23 19:30:10-07:00,999.9991,21.3605,25.94175,0.0,3.0,135.0001,1.4399999,0.5091169
Los Angeles,23.171421,28.148872,83.0,20.078875,2025-08-23 13:00:00+00:00,0.0,1011.1,95.0,0.0,0.0,2025-08-23 06:20:39-07:00,2025-08-23 19:30:10-07:00,1000.4778,20.9105,25.94175,0.0,3.0,286.6993,12.959999,11.27553
Los Angeles,24.492914,28.148872,100.0,20.6605,2025-08-23 14:00:00+00:00,0.0,1012.4,100.0,3.5,0.0,2025-08-23 06:20:39-07:00,2025-08-23 19:30:10-07:00,1001.75507,20.6605,25.94175,0.1,3.0,188.13002,12.24,2.5455842
Los Angeles,25.425419,28.148872,100.0,19.331543,2025-08-23 15:00:00+00:00,0.0,1012.5,83.0,26.25,0.0,2025-08-23 06:20:39-07:00,2025-08-23 19:30:10-07:00,1001.9146,22.3605,25.94175,0.9,3.0,206.56499,4.32,3.219938
Los Angeles,26.342297,28.148872,62.0,20.688623,2025-08-23 16:00:00+00:00,0.0,1012.7,86.0,174.5,0.0,2025-08-23 06:20:39-07:00,2025-08-23 19:30:10-07:00,1002.1411,23.1605,25.94175,2.45,3.0,113.962494,8.28,7.0911775
Los Angeles,26.625198,28.148872,99.0,16.989218,2025-08-23 17:00:00+00:00,0.0,1013.0,60.0,220.25,0.0,2025-08-23 06:20:39-07:00,2025-08-23 19:30:10-07:00,1002.51355,25.310501,25.94175,4.25,3.0,59.93151,14.04,7.9036193
Los Angeles,32.090607,28.148872,86.0,19.67988,2025-08-23 18:00:00+00:00,0.0,1012.8,58.0,455.5,0.0,2025-08-23 06:20:39-07:00,2025-08-23 19:30:10-07:00,1002.4348,28.7605,25.94175,5.75,3.0,90.0,6.4799995,2.52
Los Angeles,31.74625,28.148872,100.0,10.876737,2025-08-23 19:00:00+00:00,0.0,1012.3,25.0,427.0,0.0,2025-08-23 06:20:39-07:00,2025-08-23 19:30:10-07:00,1002.10266,33.6105,25.94175,6.95,3.0,122.90524,17.64,14.57889
Los Angeles,33.04802,28.148872,79.0,12.12542,2025-08-23 20:00:00+00:00,0.0,1011.8,27.0,294.75,0.0,2025-08-23 06:20:39-07:00,2025-08-23 19:30:10-07:00,1001.6111,33.7105,25.94175,6.3,3.0,143.13002,19.44,9.0
Los Angeles,38.643276,28.148872,0.0,11.826705,2025-08-23 21:00:00+00:00,0.0,1011.4,22.0,818.75,0.0,2025-08-23 06:20:39-07:00,2025-08-23 19:30:10-07:00,1001.32446,37.0605,25.94175,7.4,3.0,180.0,15.4800005,4.68
Los Angeles,35.770237,28.148872,14.0,20.886974,2025-08-23 22:00:00+00:00,0.0,1010.1,51.0,845.75,0.0,2025-08-23 06:20:39-07:00,2025-08-23 19:30:10-07:00,999.8817,32.3105,25.94175,6.8,3.0,278.84174,18.359999,16.394829
Los Angeles,32.25474,28.148872,2.0,20.510824,2025-08-23 23:00:00+00:00,0.0,1009.2,56.0,716.25,0.0,2025-08-23 06:20:39-07:00,2025-08-23 19:30:10-07:00,998.92224,30.2605,25.94175,5.75,3.0,270.0,24.84,20.16
Los Angeles,30.586094,27.155714,6.0,21.3393,2025-08-24 00:00:00+00:00,0.0,1009.1,65.0,539.25,0.0,2025-08-24 06:21:21-07:00,2025-08-24 19:28:54-07:00,998.76587,28.560501,25.095917,4.0,2.0,265.23645,20.880001,17.339897
Los Angeles,31.129234,27.155714,28.0,21.839384,2025-08-24 01:00:00+00:00,0.0,1009.0,68.0,324.75,0.0,2025-08-24 06:21:21-07:00,2025-08-24 19:28:54-07:00,998.65845,28.310501,25.095917,2.15,2.0,250.1447,22.68,13.779114
Los Angeles,29.206577,27.155714,6.0,19.13163,2025-08-24 02:00:00+00:00,0.0,1009.3,61.0,135.5,0.0,2025-08-24 06:21:21-07:00,2025-08-24 19:28:54-07:00,998.92114,27.310501,25.095917,0.75,2.0,262.1468,22.319998,10.538843
Los Angeles,27.64545,27.155714,4.0,19.146616,2025-08-24 03:00:00+00:00,0.0,1009.9,71.0,8.5,0.0,2025-08-24 06:21:21-07:00,2025-08-24 19:28:54-07:00,999.4266,24.7605,25.095917,0.05,2.0,228.81418,14.4,3.8268526
Los Angeles,25.576967,27.155714,2.0,18.342745,2025-08-24 04:00:00+00:00,0.0,1010.7,73.0,0.0,0.0,2025-08-24 06:21:21-07:00,2025-08-24 19:28:54-07:00,1000.1727,23.4605,25.095917,0.0,2.0,173.6599,8.64,6.519877
Los Angeles,26.109587,27.155714,0.0,17.409908,2025-08-24 05:00:00+00:00,0.0,1011.0,66.0,0.0,0.0,2025-08-24 06:21:21-07:00,2025-08-24 19:28:54-07:00,1000.494,24.1605,25.095917,0.0,2.0,257.00537,14.4,4.802999
Los Angeles,25.922297,27.155714,0.0,16.423595,2025-08-24 06:00:00+00:00,0.0,1011.3,62.0,0.0,0.0,2025-08-24 06:21:21-07:00,2025-08-24 19:28:54-07:00,1000.7909,24.1605,25.095917,0.0,2.0,153.43501,9.36,3.219938
Los Angeles,24.721233,27.155714,0.0,15.622034,2025-08-24 07:00:00+00:00,0.0,1011.6,62.0,0.0,0.0,2025-08-24 06:21:21-07:00,2025-08-24 19:28:54-07:00,1001.058,23.310501,25.095917,0.0,2.0,198.43504,6.8399997,3.4152596
Los Angeles,23.423227,27.155714,0.0,15.45612,2025-08-24 08:00:00+00:00,0.0,1011.6,64.0,0.0,0.0,2025-08-24 06:21:21-07:00,2025-08-24 19:28:54-07:00,1001.0331,22.6105,25.095917,0.0,2.0,194.7436,11.879999,7.072878
Los Angeles,22.737545,27.155714,1.0,15.172871,2025-08-24 09:00:00+00:00,0.0,1011.2,67.0,0.0,0.0,2025-08-24 06:21:21-07:00,2025-08-24 19:28:54-07:00,1000.6,21.560501,25.095917,0.0,2.0,311.18582,4.32,3.8268526
Los Angeles,23.26692,27.155714,3.0,16.442108,2025-08-24 10:00:00+00:00,0.0,1011.1,72.0,0.0,0.0,2025-08-24 06:21:21-07:00,2025-08-24 19:28:54-07:00,1000.50635,21.7105,25.095917,0.0,2.0,265.60138,9.72,4.6938252
Los Angeles,22.487951,27.155714,20.0,17.762287,2025-08-24 11:00:00+00:00,0.0,1010.9,84.0,0.0,0.0,2025-08-24 06:21:21-07:00,2025-08-24 19:28:54-07:00,1000.267,20.560501,25.095917,0.0,2.0,287.3541,13.679999,6.0347
Los Angeles,22.579546,27.155714,26.0,18.27153,2025-08-24 12:00:00+00:00,0.0,1011.0,87.0,0.0,0.0,2025-08-24 06:21:21-07:00,2025-08-24 19:28:54-07:00,1000.3643,20.5105,25.095917,0.0,2.0,310.60123,9.0,6.638072
Los Angeles,22.698963,27.155714,50.0,19.163633,2025-08-24 13:00:00+00:00,0.0,1011.3,94.0,0.0,0.0,2025-08-24 06:21:21-07:00,2025-08-24 19:28:54-07:00,1000.6486,20.1605,25.095917,0.0,2.0,246.3706,10.08,6.28713
Los Angeles,23.513071,27.155714,50.0,19.411741,2025-08-24 14:00:00+00:00,0.0,1011.5,94.0,19.75,0.0,2025-08-24 06:21:21-07:00,2025-08-24 19:28:54-07:00,1000.8553,20.4105,25.095917,0.1,2.0,270.0,3.96,3.2399998
Los Angeles,25.409815,27.155714,50.0,19.665741,2025-08-24 15:00:00+00:00,0.0,1011.6,85.0,151.75,0.0,2025-08-24 06:21:21-07:00,2025-08-24 19:28:54-07:00,1001.02246,22.310501,25.095917,0.9,2.0,254.74483,4.32,4.1046314
Los Angeles,26.412447,27.155714,50.0,16.874039,2025-08-24 16:00:00+00:00,0.0,1011.9,61.0,349.75,0.0,2025-08-24 06:21:21-07:00,2025-08-24 19:28:54-07:00,1001.41113,24.9105,25.095917,2.45,2.0,256.75946,6.4799995,6.28713
Los Angeles,28.709454,27.155714,23.0,18.59179,2025-08-24 17:00:00+00:00,0.0,1012.2,62.0,484.75,0.0,2025-08-24 06:21:21-07:00,2025-08-24 19:28:54-07:00,1001.7618,26.4605,25.095917,4.3,2.0,253.61038,7.2,6.379216
Los Angeles,33.706623,27.155714,5.0,20.147,2025-08-24 18:00:00+00:00,0.0,1011.8,58.0,738.25,0.0,2025-08-24 06:21:21-07:00,2025-08-24 19:28:54-07:00,1001.4621,29.2605,25.095917,6.0,2.0,265.60138,5.7599998,4.6938252
Los Angeles,35.507027,27.155714,3.0,19.219646,2025-08-24 19:00:00+00:00,0.0,1011.8,46.0,856.25,0.0,2025-08-24 06:21:21-07:00,2025-08-24 19:28:54-07:00,1001.5645,32.3105,25.095917,7.25,2.0,242.74475,14.759999,13.363711
Los Angeles,32.402935,27.155714,52.0,17.951536,2025-08-24 20:00:00+00:00,0.0,1011.3,49.0,911.5,0.0,2025-08-24 06:21:21-07:00,2025-08-24 19:28:54-07:00,1000.9857,29.810501,25.095917,7.9,2.0,247.69374,16.56,15.175612
Los Angeles,34.849487,27.155714,50.0,17.542734,2025-08-24 21:00:00+00:00,0.0,1010.8,42.0,899.0,0.0,2025-08-24 06:21:21-07:00,2025-08-24 19:28:54-07:00,1000.5665,32.0605,25.095917,7.8,2.0,250.0168,14.04,12.641076
Los Angeles,33.509632,27.155714,50.0,17.903913,2025-08-24 22:00:00+00:00,0.0,1010.0,46.0,845.25,0.0,2025-08-24 06:21:21-07:00,2025-08-24 19:28:54-07:00,999.7344,30.8605,25.095917,7.15,2.0,255.17348,14.759999,12.661564
Los Angeles,31.282127,27.155714,2.0,16.341084,2025-08-24 23:00:00+00:00,0.0,1009.4,43.0,722.0,0.0,2025-08-24 06:21:21-07:00,2025-08-24 19:28:54-07:00,999.12213,30.310501,25.095917,5.75,2.0,258.6901,17.64,14.685176
Los Angeles,29.294353,26.620695,4.0,17.531702,2025-08-25 00:00:00+00:00,0.0,1009.3,51.0,546.0,0.0,2025-08-25 06:22:04-07:00,2025-08-25 19:27:37-07:00,998.9672,28.6605,24.254255,4.0,3.0,262.69434,16.199999,14.154915
Los Angeles,30.757881,26.620695,5.0,19.992723,2025-08-25 01:00:00+00:00,0.0,1009.6,60.0,333.5,0.0,2025-08-25 06:22:04-07:00,2025-08-25 19:27:37-07:00,999.25885,28.5105,24.254255,2.15,3.0,258.6901,11.879999,11.013882
Los Angeles,27.011696,26.620695,20.0,18.343151,2025-08-25 02:00:00+00:00,0.0,1009.8,64.0,129.25,0.0,2025-08-25 06:22:04-07:00,2025-08-25 19:27:37-07:00,999.35895,25.6605,24.254255,0.7,3.0,242.6502,13.679999,11.753877
Los Angeles,25.546858,26.620695,7.0,17.215778,2025-08-25 03:00:00+00:00,0.0,1010.4,65.0,6.75,0.0,2025-08-25 06:22:04-07:00,2025-08-25 19:27:37-07:00,999.90216,24.2105,24.254255,0.05,3.0,250.0168,9.72,8.427383
Los Angeles,24.634123,26.620695,6.0,17.49868,2025-08-25 04:00:00+00:00,0.0,1010.7,72.0,0.0,0.0,2025-08-25 06:22:04-07:00,2025-08-25 19:27:37-07:00,1000.1495,22.810501,24.254255,0.0,3.0,255.96373,6.8399997,5.937272
Los Angeles,23.869198,26.620695,9.0,17.188288,2025-08-25 05:00:00+00:00,0.0,1011.2,73.0,0.0,0.0,2025-08-25 06:22:04-07:00,2025-08-25 19:27:37-07:00,1000.6248,22.2605,24.254255,0.0,3.0,266.82022,7.2,6.489992
Los Angeles,23.404955,26.620695,5.0,17.673357,2025-08-25 06:00:00+00:00,0.0,1011.1,81.0,0.0,0.0,2025-08-25 06:22:04-07:00,2025-08-25 19:27:37-07:00,1000.4831,21.060501,24.254255,0.0,3.0,240.2552,3.96,2.9024127
Los Angeles,23.795145,26.620695,5.0,18.153833,2025-08-25 07:00:00+00:00,0.0,1011.4,84.0,0.0,0.0,2025-08-25 06:22:04-07:00,2025-08-25 19:27:37-07:00,1000.7762,20.9605,24.254255,0.0,3.0,315.0001,2.8799999,1.0182338
Los Angeles,22.959515,26.620695,4.0,17.81662,2025-08-25 08:00:00+00:00,0.0,1011.1,83.0,0.0,0.0,2025-08-25 06:22:04-07:00,2025-08-25 19:27:37-07:00,1000.474,20.810501,24.254255,0.0,3.0,180.0,5.3999996,4.68
Los Angeles,21.777025,26.620695,5.0,17.776524,2025-08-25 09:00:00+00:00,0.0,1011.0,90.0,0.0,0.0,2025-08-25 06:22:04-07:00,2025-08-25 19:27:37-07:00,1000.32635,19.4605,24.254255,0.0,3.0,288.43503,6.8399997,3.4152596
Los Angeles,22.870989,26.620695,3.0,18.240013,2025-08-25 10:00:00+00:00,0.0,1010.9,89.0,0.0,0.0,2025-08-25 06:22:04-07:00,2025-08-25 19:27:37-07:00,1000.25104,20.1105,24.254255,0.0,3.0,270.0,3.2399998,1.8
Los Angeles,22.699759,26.620695,2.0,17.526611,2025-08-25 11:00:00+00:00,0.0,1010.6,82.0,0.0,0.0,2025-08-25 06:22:04-07:00,2025-08-25 19:27:37-07:00,999.9758,20.7105,24.254255,0.0,3.0,306.02747,6.8399997,4.8965297
Los Angeles,21.397291,26.620695,2.0,17.370903,2025-08-25 12:00:00+00:00,0.0,1010.4,88.0,0.0,0.0,2025-08-25 06:22:04-07:00,2025-08-25 19:27:37-07:00,999.73083,19.4105,24.254255,0.0,3.0,345.9637,8.28,4.452954
Los Angeles,21.666477,26.620695,0.0,17.386734,2025-08-25 13:00:00+00:00,0.0,1010.5,87.0,0.0,0.0,2025-08-25 06:22:04-07:00,2025-08-25 19:27:37-07:00,999.83704,19.6105,24.254255,0.0,3.0,100.30479,3.96,4.0249224
Los Angeles,21.77332,26.620695,10.0,17.599207,2025-08-25 14:00:00+00:00,0.0,1011.0,89.0,21.0,0.0,2025-08-25 06:22:04-07:00,2025-08-25 19:27:37-07:00,1000.32635,19.4605,24.254255,0.1,3.0,119.74479,11.5199995,2.9024127
Los Angeles,23.470375,26.620695,76.0,18.86137,2025-08-25 15:00:00+00:00,0.0,1011.4,87.0,130.5,0.0,2025-08-25 06:22:04-07:00,2025-08-25 19:27:37-07:00,1000.7815,21.1105,24.254255,0.9,3.0,263.6599,9.0,6.519877
Los Angeles,26.498049,26.620695,37.0,19.317276,2025-08-25 16:00:00+00:00,0.0,1012.6,79.0,237.0,0.0,2025-08-25 06:22:04-07:00,2025-08-25 19:27:37-07:00,1002.0422,23.1605,24.254255,2.45,3.0,56.309914,6.12,1.2979984
Los Angeles,29.078453,26.620695,6.0,18.363653,2025-08-25 17:00:00+00:00,0.0,1013.5,59.0,541.0,0.0,2025-08-25 06:22:04-07:00,2025-08-25 19:27:37-07:00,1003.0691,27.060501,24.254255,4.25,3.0,174.2895,8.64,7.2359104
Los Angeles,32.08507,26.620695,1.0,16.996128,2025-08-25 18:00:00+00:00,0.0,1012.9,46.0,735.0,0.0,2025-08-25 06:22:04-07:00,2025-08-25 19:27:37-07:00,1002.571,29.8605,24.254255,5.9,3.0,189.0902,10.799999,9.114471
Los Angeles,34.9133,26.620695,3.0,19.083944,2025-08-25 19:00:00+00:00,0.0,1012.7,48.0,862.5,0.0,2025-08-25 06:22:04-07:00,2025-08-25 19:27:37-07:00,1002.4253,31.4105,24.254255,7.2,3.0,204.14554,12.959999,11.440979
Los Angeles,36.048412,26.620695,3.0,19.338022,2025-08-25 20:00:00+00:00,0.0,1012.2,47.0,922.5,0.0,2025-08-25 06:22:04-07:00,2025-08-25 19:27:37-07:00,1001.9524,32.0605,24.254255,7.85,3.0,217.23491,12.24,11.304229
Los Angeles,36.41388,26.620695,1.0,19.049131,2025-08-25 21:00:00+00:00,0.0,1011.3,44.0,915.0,0.0,2025-08-25 06:22:04-07:00,2025-08-25 19:27:37-07:00,1001.0895,32.9105,24.254255,7.8,3.0,226.12321,14.759999,12.984975
Los Angeles,34.8021,26.620695,4.0,19.110598,2025-08-25 22:00:00+00:00,0.0,1010.1,47.0,845.25,0.0,2025-08-25 06:22:04-07:00,2025-08-25 19:27:37-07:00,999.8651,31.810501,24.254255,7.0,3.0,248.74942,15.84,13.905509
Los Angeles,32.059715,26.620695,2.0,18.727158,2025-08-25 23:00:00+00:00,0.0,1009.7,51.0,723.75,0.0,2025-08-25 06:22:04-07:00,2025-08-25 19:27:37-07:00,999.40704,29.9605,24.254255,5.7,3.0,249.27435,16.56,14.24163
Los Angeles,29.07315,,5.0,18.269907,2025-08-26 00:00:00+00:00,0.0,1009.9,55.0,549.5,0.0,,,999.5439,28.1605,,3.95,,246.61476,16.919998,14.512064
Los Angeles,26.534767,,7.0,17.903324,2025-08-26 01:00:00+00:00,0.0,1010.7,63.0,341.75,0.0,,,1000.2427,25.4605,,2.05,,238.17259,14.759999,12.287555
Los Angeles,25.215044,,6.0,17.818703,2025-08-26 02:00:00+00:00,0.0,1011.6,70.0,131.0,0.0,,,1001.0683,23.6105,,0.65,,223.26433,12.599999,8.404285
Los Angeles,23.856163,,100.0,17.729853,2025-08-26 03:00:00+00:00,0.0,1012.0,76.0,6.0,0.0,,,1001.41296,22.1605,,0.05,,253.30067,9.0,7.5170207
Los Angeles,23.342583,,100.0,17.819534,2025-08-26 04:00:00+00:00,0.0,1012.8,81.0,0.0,0.0,,,1002.17053,21.2105,,0.0,,257.00537,7.2,4.802999
Los Angeles,23.58213,,75.0,17.770609,2025-08-26 05:00:00+00:00,0.0,1013.1,82.0,0.0,0.0,,,1002.4583,20.9605,,0.0,,213.6901,7.92,1.2979984
Los Angeles,22.983944,,11.0,17.860172,2025-08-26 06:00:00+00:00,0.0,1013.1,84.0,0.0,0.0,,,1002.44763,20.6605,,0.0,,264.2895,6.12,3.6179552
New York,19.3022,22.02344,0.0,10.946897,2025-08-23 04:00:00+00:00,0.0,1017.9,55.0,0.0,0.0,2025-08-23 06:14:44-04:00,2025-08-23 19:42:13-04:00,1014.1162,20.281,22.751831,0.0,3.0,218.2902,17.28,8.714677
New York,19.221682,22.02344,0.0,11.439222,2025-08-23 05:00:00+00:00,0.0,1018.0,57.0,0.0,0.0,2025-08-23 06:14:44-04:00,2025-08-23 19:42:13-04:00,1014.2152,20.230999,22.751831,0.0,3.0,229.39879,16.919998,9.957108
New York,18.653349,22.02344,0.0,10.714297,2025-08-23 06:00:00+00:00,0.0,1017.9,55.0,0.0,0.0,2025-08-23 06:14:44-04:00,2025-08-23 19:42:13-04:00,1014.113,20.031,22.751831,0.0,3.0,221.00899,18.72,10.97262
New York,18.516623,22.02344,0.0,11.772947,2025-08-23 07:00:00+00:00,0.0,1017.9,62.0,0.0,0.0,2025-08-23 06:14:44-04:00,2025-08-23 19:42:13-04:00,1014.1025,19.230999,22.751831,0.0,3.0,224.9999,15.119999,8.654987
New York,18.364582,22.02344,0.0,12.158963,2025-08-23 08:00:00+00:00,0.0,1018.0,65.0,0.0,0.0,2025-08-23 06:14:44-04:00,2025-08-23 19:42:13-04:00,1014.19763,18.880999,22.751831,0.0,3.0,224.9999,12.959999,8.14587
New York,17.67849,22.02344,0.0,12.096503,2025-08-23 09:00:00+00:00,0.0,1018.2,67.0,0.0,0.0,2025-08-23 06:14:44-04:00,2025-08-23 19:42:13-04:00,1014.38965,18.331,22.751831,0.0,3.0,229.89915,15.119999,8.942214
New York,17.419025,22.02344,0.0,11.715344,2025-08-23 10:00:00+00:00,0.0,1018.5,67.0,0.0,0.0,2025-08-23 06:14:44-04:00,2025-08-23 19:42:13-04:00,1014.68335,17.931,22.751831,0.0,3.0,229.08571,15.119999,7.145796
New York,18.52183,22.02344,0.0,13.051231,2025-08-23 11:00:00+00:00,0.0,1018.8,70.0,24.5,0.0,2025-08-23 06:14:44-04:00,2025-08-23 19:42:13-04:00,1014.9915,18.630999,22.751831,0.1,3.0,226.97493,15.84,7.386582
New York,20.505663,22.02344,16.0,13.127998,2025-08-23 12:00:00+00:00,0.0,1019.1,61.0,165.0,0.0,2025-08-23 06:14:44-04:00,2025-08-23 19:42:13-04:00,1015.3199,20.931,22.751831,0.85,3.0,218.991,18.72,9.726664
New York,21.364544,22.02344,0.0,11.680675,2025-08-23 13:00:00+00:00,0.0,1019.1,50.0,358.0,0.0,2025-08-23 06:14:44-04:00,2025-08-23 19:42:13-04:00,1015.3416,22.630999,22.751831,2.15,3.0,227.38597,20.880001,12.229406
New York,23.120914,22.02344,0.0,12.000512,2025-08-23 14:00:00+00:00,0.0,1019.3,45.0,546.0,0.0,2025-08-23 06:14:44-04:00,2025-08-23 19:42:13-04:00,1015.5673,24.730999,22.751831,3.8,3.0,224.9999,23.759998,15.273505
New York,25.8204,22.02344,1.0,13.56231,2025-08-23 15:00:00+00:00,0.0,1019.2,46.0,703.25,0.0,2025-08-23 06:14:44-04:00,2025-08-23 19:42:13-04:00,1015.48456,26.081,22.751831,5.3,3.0,216.32692,24.48,15.192682
New York,27.224365,22.02344,0.0,12.522906,2025-08-23 16:00:00+00:00,0.0,1018.9,41.0,815.25,0.0,2025-08-23 06:14:44-04:00,2025-08-23 19:42:13-04:00,1015.19556,26.880999,22.751831,6.45,3.0,207.97939,27.0,13.0447235
New York,27.39266,22.02344,0.0,11.675574,2025-08-23 17:00:00+00:00,0.0,1018.6,37.0,873.25,0.0,2025-08-23 06:14:44-04:00,2025-08-23 19:42:13-04:00,1014.9065,27.681,22.751831,7.1,3.0,183.65215,26.28,16.954432
New York,27.478828,22.02344,0.0,13.701904,2025-08-23 18:00:00+00:00,0.0,1018.2,43.0,871.0,0.0,2025-08-23 06:14:44-04:00,2025-08-23 19:42:13-04:00,1014.50415,27.380999,22.751831,7.05,3.0,171.08516,29.16,18.584509
New York,28.10859,22.02344,1.0,15.260188,2025-08-23 19:00:00+00:00,0.0,1017.6,47.0,803.25,0.0,2025-08-23 06:14:44-04:00,2025-08-23 19:42:13-04:00,1013.9088,27.581,22.751831,6.4,3.0,155.55606,28.44,17.399586
New York,26.769213,22.02344,16.0,15.860374,2025-08-23 20:00:00+00:00,0.0,1017.2,50.0,676.25,0.0,2025-08-23 06:14:44-04:00,2025-08-23 19:42:13-04:00,1013.5055,27.181,22.751831,5.25,3.0,146.3099,27.0,20.767975
New York,24.033154,22.02344,12.0,14.628755,2025-08-23 21:00:00+00:00,0.0,1016.8,49.0,497.75,0.0,2025-08-23 06:14:44-04:00,2025-08-23 19:42:13-04:00,1013.09454,26.181,22.751831,3.7,3.0,149.03632,34.56,25.189713
New York,22.917423,22.02344,14.0,14.237652,2025-08-23 22:00:00+00:00,0.0,1016.8,51.0,319.0,0.0,2025-08-23 06:14:44-04:00,2025-08-23 19:42:13-04:00,1013.08093,25.081,22.751831,2.15,3.0,154.57317,38.519997,24.315327
New York,21.987673,22.02344,0.0,13.908272,2025-08-23 23:00:00+00:00,0.0,1016.7,53.0,141.0,0.0,2025-08-23 06:14:44-04:00,2025-08-23 19:42:13-04:00,1012.96893,24.081,22.751831,0.8,3.0,153.03436,38.16,23.023117
New York,21.181805,23.719973,0.0,14.259493,2025-08-24 00:00:00+00:00,0.0,1016.8,59.0,17.0,0.0,2025-08-24 06:15:43-04:00,2025-08-24 19:40:41-04:00,1013.0507,22.681,22.676834,0.1,3.0,150.64235,39.239998,19.826164
New York,21.094954,23.719973,0.0,15.698881,2025-08-24 01:00:00+00:00,0.0,1017.2,69.0,0.0,0.0,2025-08-24 06:15:43-04:00,2025-08-24 19:40:41-04:00,1013.4359,21.630999,22.676834,0.0,3.0,158.87521,36.719997,16.981165
New York,21.050406,23.719973,0.0,15.412174,2025-08-24 02:00:00+00:00,0.0,1017.2,69.0,0.0,0.0,2025-08-24 06:15:43-04:00,2025-08-24 19:40:41-04:00,1013.4322,21.331,22.676834,0.0,3.0,161.11382,35.28,14.458382
New York,20.834187,23.719973,100.0,16.262497,2025-08-24 03:00:00+00:00,0.0,1017.2,77.0,0.0,0.0,2025-08-24 06:15:43-04:00,2025-08-24 19:40:41-04:00,1013.4207,20.431,22.676834,0.0,3.0,157.249,32.039997,12.10157
New York,21.355816,23.719973,12.0,16.165638,2025-08-24 04:00:00+00:00,0.0,1017.3,77.0,0.0,0.0,2025-08-24 06:15:43-04:00,2025-08-24 19:40:41-04:00,1013.51904,20.331,22.676834,0.0,3.0,182.72626,24.48,7.5685663
New York,21.51683,23.719973,0.0,15.716551,2025-08-24 05:00:00+00:00,0.0,1017.2,73.0,0.0,0.0,2025-08-24 06:15:43-04:00,2025-08-24 19:40:41-04:00,1013.4245,20.730999,22.676834,0.0,3.0,198.43504,16.199999,7.968939
New York,20.10234,23.719973,0.0,14.515722,2025-08-24 06:00:00+00:00,0.0,1016.7,71.0,0.0,0.0,2025-08-24 06:15:43-04:00,2025-08-24 19:40:41-04:00,1012.9162,19.931,22.676834,0.0,3.0,175.42616,21.96,9.028754
New York,19.483446,23.719973,20.0,14.435149,2025-08-24 07:00:00+00:00,0.0,1016.2,74.0,0.0,0.0,2025-08-24 06:15:43-04:00,2025-08-24 19:40:41-04:00,1012.4082,19.181,22.676834,0.0,3.0,177.39749,17.64,7.928178
New York,18.690443,23.719973,100.0,14.136589,2025-08-24 08:00:00+00:00,0.0,1015.9,78.0,0.0,0.0,2025-08-24 06:15:43-04:00,2025-08-24 19:40:41-04:00,1012.0944,18.031,22.676834,0.0,3.0,171.25392,14.4,4.73506
New York,19.26032,23.719973,100.0,15.702135,2025-08-24 09:00:00+00:00,0.0,1015.7,86.0,0.0,0.0,2025-08-24 06:15:43-04:00,2025-08-24 19:40:41-04:00,1011.8958,18.081,22.676834,0.0,3.0,195.94547,19.08,5.2416787
New York,20.26042,23.719973,100.0,16.584225,2025-08-24 10:00:00+00:00,0.0,1015.6,89.0,0.0,0.0,2025-08-24 06:15:43-04:00,2025-08-24 19:40:41-04:00,1011.8006,18.431,22.676834,0.0,3.0,180.0,14.4,3.2399998
New York,22.452574,23.719973,6.0,18.61595,2025-08-24 11:00:00+00:00,0.0,1015.6,93.0,21.75,0.0,2025-08-24 06:15:43-04:00,2025-08-24 19:40:41-04:00,1011.81836,19.781,22.676834,0.1,3.0,216.86998,15.119999,3.6
New York,24.160288,23.719973,19.0,18.999699,2025-08-24 12:00:00+00:00,0.0,1015.6,85.0,162.0,0.0,2025-08-24 06:15:43-04:00,2025-08-24 19:40:41-04:00,1011.8418,21.630999,22.676834,0.85,3.0,172.87508,21.599998,5.8048253
New York,24.540438,23.719973,100.0,19.886763,2025-08-24 13:00:00+00:00,0.0,1015.5,84.0,271.75,0.0,2025-08-24 06:15:43-04:00,2025-08-24 19:40:41-04:00,1011.7562,22.730999,22.676834,2.15,3.0,176.98727,21.24,13.698934
New York,25.35871,23.719973,100.0,20.07454,2025-08-24 14:00:00+00:00,0.0,1015.4,80.0,342.25,0.0,2025-08-24 06:15:43-04:00,2025-08-24 19:40:41-04:00,1011.66925,23.730999,22.676834,3.75,3.0,186.63242,22.319998,15.5843
New York,26.448532,23.719973,28.0,19.047771,2025-08-24 15:00:00+00:00,0.0,1015.3,67.0,475.5,0.0,2025-08-24 06:15:43-04:00,2025-08-24 19:40:41-04:00,1011.593,25.630999,22.676834,5.2,3.0,176.49654,24.48,17.673029
New York,27.383455,23.719973,100.0,19.523546,2025-08-24 16:00:00+00:00,0.0,1015.1,67.0,634.5,0.0,2025-08-24 06:15:43-04:00,2025-08-24 19:40:41-04:00,1011.4001,26.130999,22.676834,6.35,3.0,154.39786,22.68,19.161337
New York,26.827353,23.719973,100.0,18.678217,2025-08-24 17:00:00+00:00,0.0,1014.5,63.0,543.75,0.0,2025-08-24 06:15:43-04:00,2025-08-24 19:40:41-04:00,1010.8042,26.281,22.676834,7.0,3.0,160.49747,21.96,18.331741
New York,26.391533,23.719973,100.0,18.351484,2025-08-24 18:00:00+00:00,0.0,1013.9,61.0,555.0,0.0,2025-08-24 06:15:43-04:00,2025-08-24 19:40:41-04:00,1010.209,26.480999,22.676834,6.95,3.0,142.3737,28.08,21.817902
New York,26.003992,23.719973,56.0,18.163366,2025-08-24 19:00:00+00:00,0.0,1013.3,61.0,570.0,0.0,2025-08-24 06:15:43-04:00,2025-08-24 19:40:41-04:00,1009.6086,26.281,22.676834,6.3,3.0,140.07967,29.16,23.000591
New York,26.778658,23.719973,55.0,18.914299,2025-08-24 20:00:00+00:00,0.0,1012.8,63.0,568.75,0.0,2025-08-24 06:15:43-04:00,2025-08-24 19:40:41-04:00,1009.1133,26.531,22.676834,5.15,3.0,141.04408,28.08,21.758419
New York,24.871042,23.719973,94.0,17.457836,2025-08-24 21:00:00+00:00,0.0,1012.6,61.0,458.0,0.0,2025-08-24 06:15:43-04:00,2025-08-24 19:40:41-04:00,1008.9019,25.531,22.676834,3.5,3.0,142.04572,30.239998,22.828087
New York,25.032564,23.719973,55.0,18.189411,2025-08-24 22:00:00+00:00,0.0,1012.2,66.0,198.25,0.0,2025-08-24 06:15:43-04:00,2025-08-24 19:40:41-04:00,1008.49646,24.980999,22.676834,1.9,3.0,140.06367,30.599998,20.188908
New York,24.315548,23.719973,4.0,18.125422,2025-08-24 23:00:00+00:00,0.0,1011.9,70.0,116.25,0.0,2025-08-24 06:15:43-04:00,2025-08-24 19:40:41-04:00,1008.18463,23.931,22.676834,0.75,3.0,142.43134,28.08,17.713316
New York,23.531296,25.328154,2.0,18.453714,2025-08-25 00:00:00+00:00,0.0,1011.8,78.0,15.0,0.0,2025-08-25 06:16:42-04:00,2025-08-25 19:39:08-04:00,1008.06665,22.480999,24.86225,0.05,3.0,144.29323,27.72,14.186923
New York,25.295813,25.328154,100.0,19.840214,2025-08-25 01:00:00+00:00,0.0,1012.5,83.0,0.0,0.0,2025-08-25 06:16:42-04:00,2025-08-25 19:39:08-04:00,1008.7691,22.880999,24.86225,0.0,3.0,147.52882,25.919998,9.387651
New York,24.791199,25.328154,78.0,19.057554,2025-08-25 02:00:00+00:00,0.0,1011.7,81.0,0.0,0.0,2025-08-25 06:16:42-04:00,2025-08-25 19:39:08-04:00,1007.96704,22.480999,24.86225,0.0,3.0,144.78232,21.96,7.491114
New York,24.426725,25.328154,72.0,18.815342,2025-08-25 03:00:00+00:00,0.0,1011.6,82.0,0.0,0.0,2025-08-25 06:16:42-04:00,2025-08-25 19:39:08-04:00,1007.86176,22.031,24.86225,0.0,3.0,151.92761,20.880001,6.12
New York,24.642595,25.328154,0.0,19.19574,2025-08-25 04:00:00+00:00,0.0,1011.2,85.0,0.0,0.0,2025-08-25 06:16:42-04:00,2025-08-25 19:39:08-04:00,1007.46063,21.831,24.86225,0.0,3.0,151.38963,17.28,4.510787
New York,24.440353,25.328154,100.0,19.680555,2025-08-25 05:00:00+00:00,0.0,1010.8,92.0,0.0,0.0,2025-08-25 06:16:42-04:00,2025-08-25 19:39:08-04:00,1007.052,21.031,24.86225,0.0,3.0,135.0001,16.199999,2.0364676
New York,24.643822,25.328154,4.0,20.300861,2025-08-25 06:00:00+00:00,0.0,1010.4,93.0,0.0,0.0,2025-08-25 06:16:42-04:00,2025-08-25 19:39:08-04:00,1006.6593,21.480999,24.86225,0.0,3.0,137.4896,14.04,5.8603754
New York,24.7729,25.328154,100.0,19.91915,2025-08-25 07:00:00+00:00,0.0,1010.0,90.0,0.0,0.0,2025-08-25 06:16:42-04:00,2025-08-25 19:39:08-04:00,1006.2625,21.630999,24.86225,0.0,3.0,157.3801,11.159999,4.6800003
New York,25.057579,25.328154,15.0,19.968504,2025-08-25 08:00:00+00:00,0.0,1009.5,90.0,0.0,0.0,2025-08-25 06:16:42-04:00,2025-08-25 19:39:08-04:00,1005.7651,21.681,24.86225,0.0,3.0,180.0,7.92,3.2399998
New York,24.436565,25.328154,22.0,19.492468,2025-08-25 09:00:00+00:00,0.0,1009.1,89.0,0.0,0.0,2025-08-25 06:16:42-04:00,2025-08-25 19:39:08-04:00,1005.36273,21.380999,24.86225,0.0,3.0,138.81418,5.7599998,3.8268526
New York,23.229832,25.328154,100.0,18.882664,2025-08-25 10:00:00+00:00,0.0,1009.1,90.0,0.0,0.0,2025-08-25 06:16:42-04:00,2025-08-25 19:39:08-04:00,1005.3527,20.581,24.86225,0.0,3.0,218.65984,7.5599995,4.6102495
New York,24.332428,25.328154,100.0,19.953974,2025-08-25 11:00:00+00:00,0.0,1009.3,93.0,9.75,0.0,2025-08-25 06:16:42-04:00,2025-08-25 19:39:08-04:00,1005.5589,21.130999,24.86225,0.1,3.0,235.0079,9.36,4.39436
New York,25.04905,25.328154,100.0,19.950634,2025-08-25 12:00:00+00:00,0.0,1009.3,88.0,60.25,0.0,2025-08-25 06:16:42-04:00,2025-08-25 19:39:08-04:00,1005.57025,22.031,24.86225,0.85,3.0,206.56499,8.64,5.634891
New York,25.336763,25.328154,2.0,19.103159,2025-08-25 13:00:00+00:00,0.0,1009.6,76.0,298.75,0.0,2025-08-25 06:16:42-04:00,2025-08-25 19:39:08-04:00,1005.8886,23.581,24.86225,2.15,3.0,241.8215,16.56,11.435313
New York,27.28124,25.328154,100.0,19.237892,2025-08-25 14:00:00+00:00,0.0,1009.8,68.0,497.75,0.0,2025-08-25 06:16:42-04:00,2025-08-25 19:39:08-04:00,1006.11285,25.581,24.86225,3.7,3.0,245.69547,17.28,12.245293
New York,27.871304,25.328154,56.0,18.44554,2025-08-25 15:00:00+00:00,0.0,1009.2,61.0,553.5,0.0,2025-08-25 06:16:42-04:00,2025-08-25 19:39:08-04:00,1005.52704,26.581,24.86225,5.2,3.0,266.72958,16.199999,12.620554
New York,30.235054,25.328154,12.0,15.924986,2025-08-25 16:00:00+00:00,0.0,1009.2,46.0,780.75,0.0,2025-08-25 06:16:42-04:00,2025-08-25 19:39:08-04:00,1005.55255,28.681,24.86225,6.35,3.0,280.30478,18.0,12.074766
New York,31.719326,25.328154,29.0,14.166057,2025-08-25 17:00:00+00:00,0.0,1009.3,38.0,854.5,0.0,2025-08-25 06:16:42-04:00,2025-08-25 19:39:08-04:00,1005.6686,30.031,24.86225,6.95,3.0,241.55717,15.84,9.826088
New York,29.417423,25.328154,31.0,14.603571,2025-08-25 18:00:00+00:00,0.0,1009.5,40.0,695.0,0.0,2025-08-25 06:16:42-04:00,2025-08-25 19:39:08-04:00,1005.86304,29.630999,24.86225,6.95,3.0,201.12479,22.319998,16.981165
New York,28.951286,25.328154,21.0,11.622406,2025-08-25 19:00:00+00:00,0.0,1009.1,31.0,670.0,0.0,2025-08-25 06:16:42-04:00,2025-08-25 19:39:08-04:00,1005.4768,30.681,24.86225,6.3,3.0,224.9999,26.64,19.346441
New York,27.32784,25.328154,0.0,9.292377,2025-08-25 20:00:00+00:00,0.0,1009.2,27.0,692.5,0.0,2025-08-25 06:16:42-04:00,2025-08-25 19:39:08-04:00,1005.573,30.380999,24.86225,5.15,3.0,255.3432,31.68,24.18707
New York,25.62641,25.328154,1.0,8.054153,2025-08-25 21:00:00+00:00,0.0,1009.2,26.0,535.0,0.0,2025-08-25 06:16:42-04:00,2025-08-25 19:39:08-04:00,1005.56354,29.581,24.86225,3.65,3.0,254.05453,32.399998,23.587555
New York,25.029259,25.328154,0.0,7.886432,2025-08-25 22:00:00+00:00,0.0,1009.7,27.0,352.75,0.0,2025-08-25 06:16:42-04:00,2025-08-25 19:39:08-04:00,1006.0514,28.730999,24.86225,2.05,3.0,255.49979,30.960001,21.566975
New York,24.107008,25.328154,0.0,7.3087745,2025-08-25 23:00:00+00:00,0.0,1010.5,28.0,155.25,0.0,2025-08-25 06:16:42-04:00,2025-08-25 19:39:08-04:00,1006.8327,27.431,24.86225,0.75,3.0,258.4654,31.319998,18.0036
New York,22.829885,,0.0,6.8115764,2025-08-26 00:00:00+00:00,0.0,1010.9,31.0,15.0,0.0,,,1007.2031,25.130999,,0.05,,261.87,23.039999,10.182337
New York,21.512093,,0.0,6.98009,2025-08-26 01:00:00+00:00,0.0,1011.1,34.0,0.0,0.0,,,1007.3856,23.781,,0.0,,259.8754,19.8,10.239453
New York,20.29671,,0.0,7.288834,2025-08-26 02:00:00+00:00,0.0,1012.1,37.0,0.0,0.0,,,1008.3688,22.730999,,0.0,,271.73566,30.960001,11.885453
New York,19.72894,,0.0,8.959667,2025-08-26 03:00:00+00:00,0.0,1013.2,45.0,0.0,0.0,,,1009.4476,21.380999,,0.0,,310.36444,30.960001,9.449572
Chicago,20.746712,22.231674,13.0,16.995003,2025-08-23 05:00:00+00:00,0.0,1015.0,85.0,0.0,0.0,2025-08-23 06:07:38-05:00,2025-08-23 19:38:32-05:00,986.9249,19.586,21.97975,0.0,3.0,182.29056,28.08,9.007196
Chicago,19.689903,22.231674,23.0,16.171986,2025-08-23 06:00:00+00:00,0.0,1014.6,84.0,0.0,0.0,2025-08-23 06:07:38-05:00,2025-08-23 19:38:32-05:00,986.4744,18.935999,21.97975,0.0,3.0,220.36446,30.599998,9.449572
Chicago,18.74,22.231674,3.0,15.78954,2025-08-23 07:00:00+00:00,0.0,1014.3,87.0,0.0,0.0,2025-08-23 06:07:38-05:00,2025-08-23 19:38:32-05:00,986.0927,17.986,21.97975,0.0,3.0,210.96368,29.519999,8.39657
Chicago,18.242846,22.231674,3.0,15.363392,2025-08-23 08:00:00+00:00,0.0,1013.7,86.0,0.0,0.0,2025-08-23 06:07:38-05:00,2025-08-23 19:38:32-05:00,985.4854,17.736,21.97975,0.0,3.0,229.89915,27.359999,8.942214
Chicago,18.72322,22.231674,51.0,15.657954,2025-08-23 09:00:00+00:00,0.0,1013.6,86.0,0.0,0.0,2025-08-23 06:07:38-05:00,2025-08-23 19:38:32-05:00,985.4169,18.036,21.97975,0.0,3.0,233.61555,33.12,8.4963045
Chicago,18.57864,22.231674,77.0,15.756139,2025-08-23 10:00:00+00:00,0.0,1013.3,86.0,0.0,0.0,2025-08-23 06:07:38-05:00,2025-08-23 19:38:32-05:00,985.13477,18.136,21.97975,0.0,3.0,223.60289,30.239998,10.44
Chicago,18.026161,22.231674,25.0,15.657954,2025-08-23 11:00:00+00:00,0.0,1013.2,86.0,0.0,0.0,2025-08-23 06:07:38-05:00,2025-08-23 19:38:32-05:00,985.028,18.036,21.97975,0.0,3.0,229.39879,28.44,13.276144
Chicago,19.19823,22.231674,100.0,16.657606,2025-08-23 12:00:00+00:00,0.0,1013.8,88.0,15.0,0.0,2025-08-23 06:07:38-05:00,2025-08-23 19:38:32-05:00,985.673,18.685999,21.97975,0.1,3.0,236.76828,32.039997,12.4811535
Chicago,20.936508,22.231674,50.0,18.02675,2025-08-23 13:00:00+00:00,0.0,1013.3,91.0,100.25,0.0,2025-08-23 06:07:38-05:00,2025-08-23 19:38:32-05:00,985.2673,19.536,21.97975,0.8,3.0,229.18501,24.119999,10.464797
Chicago,23.992153,22.231674,22.0,20.427837,2025-08-23 14:00:00+00:00,0.0,1012.9,92.0,349.75,0.0,2025-08-23 06:07:38-05:00,2025-08-23 19:38:32-05:00,985.0887,21.786,21.97975,2.2,3.0,252.07199,22.319998,12.864649
Chicago,26.089174,22.231674,22.0,21.271692,2025-08-23 15:00:00+00:00,0.0,1012.6,89.0,496.0,0.0,2025-08-23 06:07:38-05:00,2025-08-23 19:38:32-05:00,984.9259,23.185999,21.97975,3.65,3.0,240.94548,21.599998,11.119281
Chicago,28.467705,22.231674,13.0,21.503567,2025-08-23 16:00:00+00:00,0.0,1012.6,82.0,684.0,0.0,2025-08-23 06:07:38-05:00,2025-08-23 19:38:32-05:00,985.07196,24.786,21.97975,5.15,3.0,257.66092,20.880001,11.792404
Chicago,30.11818,22.231674,2.0,21.185621,2025-08-23 17:00:00+00:00,0.0,1012.3,74.0,812.0,0.0,2025-08-23 06:07:38-05:00,2025-08-23 19:38:32-05:00,984.90704,26.185999,21.97975,6.25,3.0,241.38963,25.56,13.53236
Chicago,29.226902,22.231674,0.0,17.10356,2025-08-23 18:00:00+00:00,0.0,1011.8,53.0,860.5,0.0,2025-08-23 06:07:38-05:00,2025-08-23 19:38:32-05:00,984.5414,27.536,21.97975,6.75,3.0,277.4313,27.359999,16.700275
Chicago,29.186054,22.231674,26.0,16.23235,2025-08-23 19:00:00+00:00,0.0,1012.0,48.0,832.25,0.0,2025-08-23 06:07:38-05:00,2025-08-23 19:38:32-05:00,984.80273,28.286,21.97975,6.7,3.0,268.8767,28.44,18.36353
Chicago,27.216394,22.231674,43.0,15.67467,2025-08-23 20:00:00+00:00,0.0,1011.6,47.0,611.5,0.0,2025-08-23 06:07:38-05:00,2025-08-23 19:38:32-05:00,984.3912,28.036,21.97975,6.05,3.0,270.0,38.88,20.880001
Chicago,26.042606,22.231674,19.0,12.388081,2025-08-23 21:00:00+00:00,0.0,1011.7,37.0,544.75,0.0,2025-08-23 06:07:38-05:00,2025-08-23 19:38:32-05:00,984.5285,28.486,21.97975,4.85,3.0,283.34872,33.48,21.829777
Chicago,23.193586,22.231674,0.0,11.018631,2025-08-23 22:00:00+00:00,0.0,1011.8,38.0,491.75,0.0,2025-08-23 06:07:38-05:00,2025-08-23 19:38:32-05:00,984.4475,26.486,21.97975,3.4,3.0,288.69907,34.2,24.703976
Chicago,23.17732,22.231674,2.0,11.902963,2025-08-23 23:00:00+00:00,0.0,1012.2,43.0,332.5,0.0,2025-08-23 06:07:38-05:00,2025-08-23 19:38:32-05:00,984.7375,25.386,21.97975,1.9,3.0,295.60214,25.919998,19.161337
Chicago,21.160498,16.461535,7.0,8.573775,2025-08-24 00:00:00+00:00,0.0,1012.5,38.0,130.5,0.0,2025-08-24 06:08:41-05:00,2025-08-24 19:36:57-05:00,984.8792,23.736,17.813082,0.7,3.0,310.1559,25.56,15.072783
Chicago,19.737528,16.461535,1.0,9.787389,2025-08-24 01:00:00+00:00,0.0,1013.2,48.0,13.5,0.0,2025-08-24 06:08:41-05:00,2025-08-24 19:36:57-05:00,985.3292,21.236,17.813082,0.05,3.0,319.39877,24.48,9.957108
Chicago,18.833042,16.461535,2.0,11.176582,2025-08-24 02:00:00+00:00,0.0,1013.3,56.0,0.0,0.0,2025-08-24 06:08:41-05:00,2025-08-24 19:36:57-05:00,985.333,20.236,17.813082,0.0,3.0,329.62094,30.960001,12.10157
Chicago,17.287075,16.461535,1.0,12.481311,2025-08-24 03:00:00+00:00,0.0,1013.5,70.0,0.0,0.0,2025-08-24 06:08:41-05:00,2025-08-24 19:36:57-05:00,985.31964,18.036,17.813082,0.0,3.0,333.43503,25.919998,10.464797
Chicago,16.949747,16.461535,0.0,11.906542,2025-08-24 04:00:00+00:00,0.0,1014.0,70.0,0.0,0.0,2025-08-24 06:08:41-05:00,2025-08-24 19:36:57-05:00,985.74854,17.435999,17.813082,0.0,3.0,313.0251,29.88,7.386582
Chicago,15.70632,16.461535,0.0,11.044285,2025-08-24 05:00:00+00:00,0.0,1014.2,70.0,0.0,0.0,2025-08-24 06:08:41-05:00,2025-08-24 19:36:57-05:00,985.8567,16.536,17.813082,0.0,3.0,300.06848,28.44,7.9036193
Chicago,15.310997,16.461535,0.0,12.196648,2025-08-24 06:00:00+00:00,0.0,1014.4,80.0,0.0,0.0,2025-08-24 06:08:41-05:00,2025-08-24 19:36:57-05:00,985.9642,15.636,17.813082,0.0,3.0,278.97253,27.0,6.924738
Chicago,14.496153,16.461535,0.0,11.66116,2025-08-24 07:00:00+00:00,0.0,1014.1,80.0,0.0,0.0,2025-08-24 06:08:41-05:00,2025-08-24 19:36:57-05:00,985.6191,15.0859995,17.813082,0.0,3.0,272.72626,25.199999,7.5685663
Chicago,13.666317,16.461535,0.0,11.765644,2025-08-24 08:00:00+00:00,0.0,1014.0,84.0,0.0,0.0,2025-08-24 06:08:41-05:00,2025-08-24 19:36:57-05:00,985.4587,14.436,17.813082,0.0,3.0,274.57382,27.72,9.028754
Chicago,13.402027,16.461535,0.0,11.437553,2025-08-24 09:00:00+00:00,0.0,1014.2,83.0,0.0,0.0,2025-08-24 06:08:41-05:00,2025-08-24 19:36:57-05:00,985.6384,14.285999,17.813082,0.0,3.0,288.43503,24.119999,9.107359
Chicago,13.28425,16.461535,0.0,11.27595,2025-08-24 10:00:00+00:00,0.0,1014.3,84.0,0.0,0.0,2025-08-24 06:08:41-05:00,2025-08-24 19:36:57-05:00,985.7014,13.936,17.813082,0.0,3.0,287.52567,26.64,7.172949
Chicago,12.909134,16.461535,0.0,11.216781,2025-08-24 11:00:00+00:00,0.0,1014.3,87.0,0.0,0.0,2025-08-24 06:08:41-05:00,2025-08-24 19:36:57-05:00,985.6424,13.3359995,17.813082,0.0,3.0,258.6901,22.319998,5.506941
Chicago,13.609797,16.461535,3.0,11.388654,2025-08-24 12:00:00+00:00,0.0,1014.6,83.0,34.0,0.0,2025-08-24 06:08:41-05:00,2025-08-24 19:36:57-05:00,986.02246,14.236,17.813082,0.15,3.0,275.7105,27.0,7.2359104
Chicago,15.383902,16.461535,31.0,13.350378,2025-08-24 13:00:00+00:00,0.0,1014.6,86.0,193.25,0.0,2025-08-24 06:08:41-05:00,2025-08-24 19:36:57-05:00,986.16345,15.685999,17.813082,0.9,3.0,263.41815,20.519999,9.422101
Chicago,17.355425,16.461535,9.0,13.750658,2025-08-24 14:00:00+00:00,0.0,1014.7,81.0,322.5,0.0,2025-08-24 06:08:41-05:00,2025-08-24 19:36:57-05:00,986.3905,17.036,17.813082,2.2,3.0,270.0,18.0,6.12
Chicago,19.434113,16.461535,9.0,14.708286,2025-08-24 15:00:00+00:00,0.0,1014.6,76.0,549.5,0.0,2025-08-24 06:08:41-05:00,2025-08-24 19:36:57-05:00,986.4841,19.036,17.813082,3.7,3.0,251.56496,19.8,7.968939
Chicago,18.713427,16.461535,100.0,12.237949,2025-08-24 16:00:00+00:00,0.0,1014.7,61.0,592.0,0.0,2025-08-24 06:08:41-05:00,2025-08-24 19:36:57-05:00,986.67084,19.986,17.813082,5.05,3.0,258.9591,26.64,15.03835
Chicago,19.290726,16.461535,30.0,12.62301,2025-08-24 17:00:00+00:00,0.0,1014.3,59.0,513.0,0.0,2025-08-24 06:08:41-05:00,2025-08-24 19:36:57-05:00,986.371,20.935999,17.813082,6.1,3.0,268.78116,25.199999,16.923828
Chicago,20.273846,16.461535,32.0,12.388449,2025-08-24 18:00:00+00:00,0.0,1013.8,56.0,705.75,0.0,2025-08-24 06:08:41-05:00,2025-08-24 19:36:57-05:00,985.9406,21.536,17.813082,6.65,3.0,273.23962,29.519999,19.110542
Chicago,20.961933,16.461535,98.0,11.287915,2025-08-24 19:00:00+00:00,0.0,1013.9,49.0,698.75,0.0,2025-08-24 06:08:41-05:00,2025-08-24 19:36:57-05:00,986.1305,22.536,17.813082,6.15,3.0,280.0079,27.72,18.64369
Chicago,19.284159,16.461535,18.0,10.109899,2025-08-24 20:00:00+00:00,0.0,1013.9,46.0,576.25,0.0,2025-08-24 06:08:41-05:00,2025-08-24 19:36:57-05:00,986.10754,22.286,17.813082,1.95,3.0,286.33612,29.88,21.758419
Chicago,19.446747,16.461535,26.0,7.9318976,2025-08-24 21:00:00+00:00,0.0,1013.9,39.0,655.75,0.0,2025-08-24 06:08:41-05:00,2025-08-24 19:36:57-05:00,986.1352,22.586,17.813082,1.8,3.0,291.80148,31.68,21.325253
Chicago,19.154211,16.461535,10.0,9.745745,2025-08-24 22:00:00+00:00,0.0,1014.1,46.0,449.25,0.0,2025-08-24 06:08:41-05:00,2025-08-24 19:36:57-05:00,986.2647,21.886,17.813082,0.9,3.0,289.50253,27.72,18.331741
Chicago,18.652107,16.461535,15.0,8.918795,2025-08-24 23:00:00+00:00,0.0,1014.1,45.0,292.5,0.0,2025-08-24 06:08:41-05:00,2025-08-24 19:36:57-05:00,986.2137,21.336,17.813082,1.1,3.0,293.1986,28.8,16.45007
Chicago,17.310017,14.087184,100.0,8.106423,2025-08-25 00:00:00+00:00,0.0,1014.4,46.0,125.75,0.0,2025-08-25 06:09:43-05:00,2025-08-25 19:35:20-05:00,986.3884,20.086,16.1235,0.25,3.0,277.9434,30.599998,15.629972
Chicago,16.465788,14.087184,35.0,8.449132,2025-08-25 01:00:00+00:00,0.0,1015.0,53.0,11.0,0.0,2025-08-25 06:09:43-05:00,2025-08-25 19:35:20-05:00,986.79224,18.185999,16.1235,0.05,3.0,286.26028,23.039999,9.0
Chicago,14.439035,14.087184,100.0,9.275523,2025-08-25 02:00:00+00:00,0.0,1015.4,62.0,0.0,0.0,2025-08-25 06:09:43-05:00,2025-08-25 19:35:20-05:00,987.02783,16.586,16.1235,0.0,3.0,277.69595,37.079998,13.441071
Chicago,13.1038265,14.087184,0.0,9.366714,2025-08-25 03:00:00+00:00,0.0,1015.6,68.0,0.0,0.0,2025-08-25 06:09:43-05:00,2025-08-25 19:35:20-05:00,987.0916,15.236,16.1235,0.0,3.0,318.23978,30.960001,13.513193
Chicago,13.422621,14.087184,1.0,8.326012,2025-08-25 04:00:00+00:00,0.0,1015.5,64.0,0.0,0.0,2025-08-25 06:09:43-05:00,2025-08-25 19:35:20-05:00,986.9798,15.0859995,16.1235,0.0,3.0,300.96368,32.399998,8.39657
Chicago,12.276295,14.087184,2.0,8.388007,2025-08-25 05:00:00+00:00,0.0,1015.8,69.0,0.0,0.0,2025-08-25 06:09:43-05:00,2025-08-25 19:35:20-05:00,987.16406,13.986,16.1235,0.0,3.0,281.76825,37.44,8.825508
Chicago,11.244957,14.087184,7.0,8.548084,2025-08-25 06:00:00+00:00,0.0,1016.0,73.0,0.0,0.0,2025-08-25 06:09:43-05:00,2025-08-25 19:35:20-05:00,987.2897,13.285999,16.1235,0.0,3.0,288.43503,33.12,11.384199
Chicago,10.349507,14.087184,0.0,8.36822,2025-08-25 07:00:00+00:00,0.0,1016.3,75.0,0.0,0.0,2025-08-25 06:09:43-05:00,2025-08-25 19:35:20-05:00,987.52185,12.686,16.1235,0.0,3.0,301.5042,38.88,13.089354
Chicago,9.812337,14.087184,0.0,8.943421,2025-08-25 08:00:00+00:00,0.0,1016.0,83.0,0.0,0.0,2025-08-25 06:09:43-05:00,2025-08-25 19:35:20-05:00,987.1361,11.736,16.1235,0.0,3.0,292.47946,32.760002,11.298495
Chicago,9.647453,14.087184,0.0,8.943421,2025-08-25 09:00:00+00:00,0.0,1016.3,83.0,0.0,0.0,2025-08-25 06:09:43-05:00,2025-08-25 19:35:20-05:00,987.4276,11.736,16.1235,0.0,3.0,280.0079,38.16,12.429127
Chicago,9.531323,14.087184,0.0,8.680252,2025-08-25 10:00:00+00:00,0.0,1016.5,84.0,0.0,0.0,2025-08-25 06:09:43-05:00,2025-08-25 19:35:20-05:00,987.57684,11.285999,16.1235,0.0,3.0,296.56497,30.239998,9.659814
Chicago,9.797204,14.087184,3.0,9.249582,2025-08-25 11:00:00+00:00,0.0,1016.5,87.0,0.0,0.0,2025-08-25 06:09:43-05:00,2025-08-25 19:35:20-05:00,987.5818,11.3359995,16.1235,0.0,3.0,290.55612,27.0,9.227524
Chicago,10.279362,14.087184,0.0,9.618183,2025-08-25 12:00:00+00:00,0.0,1017.5,86.0,32.5,0.0,2025-08-25 06:09:43-05:00,2025-08-25 19:35:20-05:00,988.6085,11.886,16.1235,0.15,3.0,284.03625,25.56,10.390226
Chicago,12.2596855,14.087184,3.0,11.461633,2025-08-25 13:00:00+00:00,0.0,1017.8,89.0,192.5,0.0,2025-08-25 06:09:43-05:00,2025-08-25 19:35:20-05:00,989.0339,13.236,16.1235,0.85,3.0,287.1028,21.24,9.793058
Chicago,13.813692,14.087184,1.0,10.630621,2025-08-25 14:00:00+00:00,0.0,1018.4,74.0,387.0,0.0,2025-08-25 06:09:43-05:00,2025-08-25 19:35:20-05:00,989.81305,15.236,16.1235,2.1,3.0,299.0545,20.519999,11.119281
Chicago,14.461355,14.087184,17.0,10.708926,2025-08-25 15:00:00+00:00,0.0,1018.1,70.0,561.5,0.0,2025-08-25 06:09:43-05:00,2025-08-25 19:35:20-05:00,989.6137,16.185999,16.1235,3.6,3.0,303.2749,23.039999,13.779114
Chicago,15.822962,14.087184,30.0,10.921697,2025-08-25 16:00:00+00:00,0.0,1018.6,66.0,624.0,0.0,2025-08-25 06:09:43-05:00,2025-08-25 19:35:20-05:00,990.2107,17.336,16.1235,4.95,3.0,312.08908,22.319998,15.03835
Chicago,16.607258,14.087184,33.0,8.866184,2025-08-25 17:00:00+00:00,0.0,1019.1,53.0,644.5,0.0,2025-08-25 06:09:43-05:00,2025-08-25 19:35:20-05:00,990.82135,18.636,16.1235,5.95,3.0,311.18582,22.319998,15.30741
Chicago,18.216766,14.087184,33.0,7.4989004,2025-08-25 18:00:00+00:00,0.0,1019.1,44.0,732.5,0.0,2025-08-25 06:09:43-05:00,2025-08-25 19:35:20-05:00,990.9636,20.136,16.1235,6.5,3.0,309.28937,21.599998,15.349684
Chicago,19.308271,14.087184,36.0,6.0064707,2025-08-25 19:00:00+00:00,0.0,1019.2,37.0,812.5,0.0,2025-08-25 06:09:43-05:00,2025-08-25 19:35:20-05:00,991.1689,21.286,16.1235,6.05,3.0,308.65982,22.319998,16.135872
Chicago,19.513706,14.087184,30.0,5.557214,2025-08-25 20:00:00+00:00,0.0,1018.6,35.0,807.5,0.0,2025-08-25 06:09:43-05:00,2025-08-25 19:35:20-05:00,990.6228,21.685999,16.1235,4.5,3.0,314.11868,22.68,16.548256
Chicago,18.999813,14.087184,60.0,5.920073,2025-08-25 21:00:00+00:00,0.0,1018.4,36.0,672.5,0.0,2025-08-25 06:09:43-05:00,2025-08-25 19:35:20-05:00,990.42365,21.636,16.1235,3.1,3.0,314.06088,21.24,15.530151
Chicago,17.899797,14.087184,99.0,6.170579,2025-08-25 22:00:00+00:00,0.0,1018.6,38.0,302.25,0.0,2025-08-25 06:09:43-05:00,2025-08-25 19:35:20-05:00,990.56195,21.036,16.1235,1.75,3.0,307.14676,21.599998,14.904173
Chicago,17.71186,14.087184,66.0,6.7829266,2025-08-25 23:00:00+00:00,0.0,1019.5,41.0,213.25,0.0,2025-08-25 06:09:43-05:00,2025-08-25 19:35:20-05:00,991.3854,20.486,16.1235,0.85,3.0,306.25394,20.16,13.392774
Chicago,16.936907,,96.0,7.3775105,2025-08-26 00:00:00+00:00,0.0,1019.1,46.0,103.0,0.0,,,990.8831,19.286,,0.6,,313.72705,21.599998,11.457958
Chicago,16.111538,,78.0,7.2499003,2025-08-26 01:00:00+00:00,0.0,1019.0,49.0,7.75,0.0,,,990.6764,18.136,,0.05,,298.61035,23.4,9.021574
Chicago,13.584005,,7.0,6.3181133,2025-08-26 02:00:00+00:00,0.0,1019.6,52.0,0.0,0.0,,,991.0718,16.185999,,0.0,,311.18582,29.88,11.480557
Chicago,12.48735,,0.0,6.3482985,2025-08-26 03:00:00+00:00,0.0,1020.1,57.0,0.0,0.0,,,991.42126,14.785999,,0.0,,319.63553,27.72,9.449572
Chicago,11.419016,,0.0,6.106859,2025-08-26 04:00:00+00:00,0.0,1020.3,60.0,0.0,0.0,,,991.5125,13.736,,0.0,,300.57913,28.08,9.19939
Houston,29.564152,31.730433,26.0,22.847214,2025-08-23 05:00:00+00:00,0.0,1014.1,92.0,0.0,0.0,2025-08-23 06:54:02-05:00,2025-08-23 19:53:46-05:00,1011.77325,24.2305,26.567999,0.0,3.0,44.999897,10.799999,0.5091169
Houston,28.66518,31.730433,50.0,22.698761,2025-08-23 06:00:00+00:00,0.0,1014.1,92.0,0.0,0.0,2025-08-23 06:54:02-05:00,2025-08-23 19:53:46-05:00,1011.7719,24.0805,26.567999,0.0,3.0,4.085537,10.440001,5.0528407
Houston,27.905258,31.730433,100.0,22.073956,2025-08-23 07:00:00+00:00,0.0,1014.0,91.0,0.0,0.0,2025-08-23 06:54:02-05:00,2025-08-23 19:53:46-05:00,1011.6687,23.630499,26.567999,0.0,3.0,8.746089,15.84,4.73506
Houston,28.687119,31.730433,0.0,22.980404,2025-08-23 08:00:00+00:00,0.0,1014.0,95.0,0.0,0.0,2025-08-23 06:54:02-05:00,2025-08-23 19:53:46-05:00,1011.6702,23.8305,26.567999,0.0,3.0,360.0,11.879999,4.32
Houston,27.644056,31.730433,3.0,22.232943,2025-08-23 09:00:00+00:00,0.0,1013.8,93.0,0.0,0.0,2025-08-23 06:54:02-05:00,2025-08-23 19:53:46-05:00,1011.4675,23.4305,26.567999,0.0,3.0,3.5762644,21.24,5.771239
Houston,27.07806,31.730433,19.0,22.084286,2025-08-23 10:00:00+00:00,0.0,1013.8,93.0,0.0,0.0,2025-08-23 06:54:02-05:00,2025-08-23 19:53:46-05:00,1011.4666,23.280499,26.567999,0.0,3.0,349.69522,14.759999,8.049845
Houston,27.584528,31.730433,27.0,21.758547,2025-08-23 11:00:00+00:00,0.0,1013.7,92.0,0.0,0.0,2025-08-23 06:54:02-05:00,2025-08-23 19:53:46-05:00,1011.36554,23.130499,26.567999,0.0,3.0,321.34018,18.0,2.3051248
Houston,26.890356,31.730433,50.0,21.349913,2025-08-23 12:00:00+00:00,0.0,1014.3,90.0,0.25,0.0,2025-08-23 06:54:02-05:00,2025-08-23 19:53:46-05:00,1011.96387,23.0805,26.567999,0.0,3.0,213.6901,13.32,5.1919937
Houston,28.674809,31.730433,30.0,22.881039,2025-08-23 13:00:00+00:00,0.0,1014.8,95.0,74.75,0.0,2025-08-23 06:54:02-05:00,2025-08-23 19:53:46-05:00,1012.4678,23.7305,26.567999,0.35,3.0,40.601215,12.959999,3.319036
Houston,30.553722,31.730433,16.0,24.54639,2025-08-23 14:00:00+00:00,0.0,1015.0,96.0,269.25,0.0,2025-08-23 06:54:02-05:00,2025-08-23 19:53:46-05:00,1012.679,25.2305,26.567999,1.65,3.0,52.594578,9.72,7.7043357
Houston,33.332855,31.730433,12.0,25.445694,2025-08-23 15:00:00+00:00,0.0,1015.4,90.0,481.25,0.0,2025-08-23 06:54:02-05:00,2025-08-23 19:53:46-05:00,1013.09344,27.2305,26.567999,3.45,3.0,73.61038,7.92,6.379216
Houston,35.623302,31.730433,24.0,25.033907,2025-08-23 16:00:00+00:00,0.0,1015.5,80.0,670.75,0.0,2025-08-23 06:54:02-05:00,2025-08-23 19:53:46-05:00,1013.20557,28.8305,26.567999,5.35,3.0,59.743652,6.4799995,5.00128
Houston,37.07476,31.730433,43.0,24.189423,2025-08-23 17:00:00+00:00,0.0,1015.2,72.0,804.25,0.0,2025-08-23 06:54:02-05:00,2025-08-23 19:53:46-05:00,1012.91327,29.780499,26.567999,6.8,3.0,21.801476,11.879999,3.8773184
Houston,38.440792,31.730433,50.0,24.90896,2025-08-23 18:00:00+00:00,0.0,1014.4,72.0,898.25,0.0,2025-08-23 06:54:02-05:00,2025-08-23 19:53:46-05:00,1012.1207,30.530499,26.567999,7.7,3.0,103.24053,14.04,6.28713
Houston,38.953693,31.730433,35.0,23.705463,2025-08-23 19:00:00+00:00,0.0,1013.9,64.0,938.75,0.0,2025-08-23 06:54:02-05:00,2025-08-23 19:53:46-05:00,1011.62787,31.3305,26.567999,7.55,3.0,129.28938,15.84,5.1165614
Houston,37.81659,31.730433,60.0,23.48972,2025-08-23 20:00:00+00:00,0.0,1013.3,65.0,885.5,0.0,2025-08-23 06:54:02-05:00,2025-08-23 19:53:46-05:00,1011.02545,30.8305,26.567999,7.65,3.0,72.64589,14.04,6.0347
Houston,36.321186,31.730433,31.0,23.55336,2025-08-23 21:00:00+00:00,0.0,1012.8,66.0,637.25,0.0,2025-08-23 06:54:02-05:00,2025-08-23 19:53:46-05:00,1010.5249,30.630499,26.567999,6.55,3.0,122.471176,14.4,4.6938257
Houston,31.398354,31.730433,100.0,22.232252,2025-08-23 22:00:00+00:00,0.0,1012.8,71.0,191.0,0.0,2025-08-23 06:54:02-05:00,2025-08-23 19:53:46-05:00,1010.50494,27.9805,26.567999,4.8,3.0,123.17853,17.28,11.183201
Houston,32.174347,31.730433,48.0,23.769876,2025-08-23 23:00:00+00:00,0.0,1012.4,80.0,188.75,0.0,2025-08-23 06:54:02-05:00,2025-08-23 19:53:46-05:00,1010.1024,27.530499,26.567999,2.95,3.0,163.73972,18.72,9.0
Houston,32.08879,33.242863,33.0,23.94934,2025-08-24 00:00:00+00:00,0.0,1012.5,79.0,219.0,0.0,2025-08-24 06:54:35-05:00,2025-08-24 19:52:40-05:00,1010.2054,27.9305,28.274252,1.3,3.0,187.90707,19.08,13.084402
Houston,32.002785,33.242863,72.0,22.304852,2025-08-24 01:00:00+00:00,0.0,1012.9,73.0,41.75,0.0,2025-08-24 06:54:35-05:00,2025-08-24 19:52:40-05:00,1010.602,27.5805,28.274252,0.2,3.0,135.0001,19.44,4.5820518
Houston,31.090061,33.242863,39.0,21.920282,2025-08-24 02:00:00+00:00,0.0,1013.1,73.0,0.0,0.0,2025-08-24 06:54:35-05:00,2025-08-24 19:52:40-05:00,1010.7983,27.1805,28.274252,0.0,3.0,135.0001,15.84,6.618519
Houston,31.065468,33.242863,8.0,22.265146,2025-08-24 03:00:00+00:00,0.0,1013.9,77.0,0.0,0.0,2025-08-24 06:54:35-05:00,2025-08-24 19:52:40-05:00,1011.5924,26.630499,28.274252,0.0,3.0,155.55606,11.879999,4.3498964
Houston,30.900017,33.242863,17.0,22.668901,2025-08-24 04:00:00+00:00,0.0,1014.2,82.0,0.0,0.0,2025-08-24 06:54:35-05:00,2025-08-24 19:52:40-05:00,1011.88666,25.9805,28.274252,0.0,3.0,285.94547,5.3999996,2.6208394
Houston,30.499493,33.242863,50.0,23.063688,2025-08-24 05:00:00+00:00,0.0,1014.3,86.0,0.0,0.0,2025-08-24 06:54:35-05:00,2025-08-24 19:52:40-05:00,1011.9833,25.5805,28.274252,0.0,3.0,289.9832,6.12,4.2136917
Houston,30.574005,33.242863,89.0,23.15666,2025-08-24 06:00:00+00:00,0.0,1014.2,87.0,0.0,0.0,2025-08-24 06:54:35-05:00,2025-08-24 19:52:40-05:00,1011.8828,25.4805,28.274252,0.0,3.0,327.99466,4.68,3.396233
Houston,30.158688,33.242863,50.0,23.0506,2025-08-24 07:00:00+00:00,0.0,1014.2,88.0,0.0,0.0,2025-08-24 06:54:35-05:00,2025-08-24 19:52:40-05:00,1011.88025,25.1805,28.274252,0.0,3.0,286.6993,8.28,3.7585104
Houston,30.049412,33.242863,50.0,23.04039,2025-08-24 08:00:00+00:00,0.0,1014.0,89.0,0.0,0.0,2025-08-24 06:54:35-05:00,2025-08-24 19:52:40-05:00,1011.67914,24.9805,28.274252,0.0,3.0,305.53775,9.72,3.096837
Houston,29.530296,33.242863,0.0,22.978455,2025-08-24 09:00:00+00:00,0.0,1014.1,90.0,0.0,0.0,2025-08-24 06:54:35-05:00,2025-08-24 19:52:40-05:00,1011.777,24.7305,28.274252,0.0,3.0,327.52884,11.879999,4.6938257
Houston,30.139591,33.242863,24.0,23.391527,2025-08-24 10:00:00+00:00,0.0,1014.1,92.0,0.0,0.0,2025-08-24 06:54:35-05:00,2025-08-24 19:52:40-05:00,1011.7776,24.780499,28.274252,0.0,3.0,278.13,5.7599998,2.5455842
Houston,29.998688,33.242863,50.0,23.539978,2025-08-24 11:00:00+00:00,0.0,1014.2,92.0,0.0,0.0,2025-08-24 06:54:35-05:00,2025-08-24 19:52:40-05:00,1011.87836,24.9305,28.274252,0.0,3.0,282.09473,9.0,5.1544156
Houston,29.753658,33.242863,36.0,23.391527,2025-08-24 12:00:00+00:00,0.0,1014.4,92.0,0.0,0.0,2025-08-24 06:54:35-05:00,2025-08-24 19:52:40-05:00,1012.0769,24.780499,28.274252,0.0,3.0,326.3099,9.36,5.1919937
Houston,30.51065,33.242863,21.0,24.272114,2025-08-24 13:00:00+00:00,0.0,1015.0,95.0,71.75,0.0,2025-08-24 06:54:35-05:00,2025-08-24 19:52:40-05:00,1012.67816,25.130499,28.274252,0.35,3.0,298.0724,15.84,6.12
Houston,31.562534,33.242863,88.0,25.16635,2025-08-24 14:00:00+00:00,0.0,1015.2,95.0,205.75,0.0,2025-08-24 06:54:35-05:00,2025-08-24 19:52:40-05:00,1012.8847,26.030499,28.274252,1.6,3.0,336.5014,19.8,9.028754
Houston,33.08658,33.242863,39.0,24.676142,2025-08-24 15:00:00+00:00,0.0,1015.2,83.0,383.5,0.0,2025-08-24 06:54:35-05:00,2025-08-24 19:52:40-05:00,1012.89856,27.8305,28.274252,3.4,3.0,352.87506,16.199999,8.707238
Houston,36.318172,33.242863,0.0,24.1959,2025-08-24 16:00:00+00:00,0.0,1015.5,71.0,668.5,0.0,2025-08-24 06:54:35-05:00,2025-08-24 19:52:40-05:00,1013.2144,30.030499,28.274252,5.3,3.0,327.52884,11.879999,4.6938257
Houston,39.252945,33.242863,0.0,24.57344,2025-08-24 17:00:00+00:00,0.0,1015.3,68.0,837.0,0.0,2025-08-24 06:54:35-05:00,2025-08-24 19:52:40-05:00,1013.0235,31.1805,28.274252,6.9,3.0,329.03632,11.159999,2.0991426
Houston,39.511604,33.242863,0.0,22.58706,2025-08-24 18:00:00+00:00,0.0,1015.0,57.0,925.5,0.0,2025-08-24 06:54:35-05:00,2025-08-24 19:52:40-05:00,1012.73175,32.1805,28.274252,7.9,3.0,23.198618,10.440001,2.7416782
Houston,38.722393,33.242863,0.0,21.855518,2025-08-24 19:00:00+00:00,0.0,1014.6,53.0,949.25,0.0,2025-08-24 06:54:35-05:00,2025-08-24 19:52:40-05:00,1012.33636,32.6805,28.274252,8.2,3.0,32.275623,12.959999,8.0899935
Houston,38.98275,33.242863,0.0,22.63363,2025-08-24 20:00:00+00:00,0.0,1013.7,57.0,908.0,0.0,2025-08-24 06:54:35-05:00,2025-08-24 19:52:40-05:00,1011.43494,32.2305,28.274252,7.75,3.0,118.30067,10.799999,5.315336
Houston,38.90046,33.242863,0.0,22.463688,2025-08-24 21:00:00+00:00,0.0,1013.3,55.0,799.0,0.0,2025-08-24 06:54:35-05:00,2025-08-24 19:52:40-05:00,1011.0393,32.6805,28.274252,6.6,3.0,21.801476,12.959999,3.8773184
Houston,37.130737,33.242863,1.0,20.424543,2025-08-24 22:00:00+00:00,0.0,1013.0,48.0,642.0,0.0,2025-08-24 06:54:35-05:00,2025-08-24 19:52:40-05:00,1010.7413,32.8805,28.274252,4.95,3.0,187.12492,10.440001,2.9024127
Houston,35.82507,33.242863,0.0,22.454636,2025-08-24 23:00:00+00:00,0.0,1012.7,59.0,434.75,0.0,2025-08-24 06:54:35-05:00,2025-08-24 19:52:40-05:00,1010.43115,31.4305,28.274252,3.0,3.0,61.69934,14.04,5.315336
Houston,33.140633,32.552494,34.0,18.557323,2025-08-25 00:00:00+00:00,0.0,1012.8,46.0,220.75,0.0,2025-08-25 06:55:08-05:00,2025-08-25 19:51:33-05:00,1010.5322,31.5805,28.597168,1.3,3.0,136.33215,18.0,10.948973
Houston,31.643364,32.552494,0.0,19.355957,2025-08-25 01:00:00+00:00,0.0,1013.2,55.0,42.5,0.0,2025-08-25 06:55:08-05:00,2025-08-25 19:51:33-05:00,1010.91455,29.3305,28.597168,0.2,3.0,189.86574,11.5199995,8.4042845
Houston,31.068897,32.552494,0.0,21.334335,2025-08-25 02:00:00+00:00,0.0,1013.7,68.0,0.0,0.0,2025-08-25 06:55:08-05:00,2025-08-25 19:51:33-05:00,1011.40137,27.780499,28.597168,0.0,3.0,184.76355,15.119999,8.669949
Houston,30.379887,32.552494,0.0,20.902578,2025-08-25 03:00:00+00:00,0.0,1014.4,67.0,0.0,0.0,2025-08-25 06:55:08-05:00,2025-08-25 19:51:33-05:00,1012.0986,27.5805,28.597168,0.0,3.0,181.97488,21.24,10.446206
Houston,31.088272,32.552494,0.0,20.902578,2025-08-25 04:00:00+00:00,0.0,1014.6,67.0,0.0,0.0,2025-08-25 06:55:08-05:00,2025-08-25 19:51:33-05:00,1012.2981,27.5805,28.597168,0.0,3.0,194.93147,16.56,5.5887027
Houston,30.641731,32.552494,100.0,21.34339,2025-08-25 05:00:00+00:00,0.0,1014.8,73.0,0.0,0.0,2025-08-25 06:55:08-05:00,2025-08-25 19:51:33-05:00,1012.4897,26.5805,28.597168,0.0,3.0,251.56496,12.24,3.4152596
Houston,29.536083,32.552494,0.0,20.000027,2025-08-25 06:00:00+00:00,0.0,1014.9,68.0,0.0,0.0,2025-08-25 06:55:08-05:00,2025-08-25 19:51:33-05:00,1012.5882,26.380499,28.597168,0.0,3.0,206.56499,7.2,4.829907
Houston,30.528942,32.552494,26.0,22.57573,2025-08-25 07:00:00+00:00,0.0,1014.8,83.0,0.0,0.0,2025-08-25 06:55:08-05:00,2025-08-25 19:51:33-05:00,1012.483,25.6805,28.597168,0.0,3.0,336.8014,2.52,2.7416782
Houston,30.074322,32.552494,0.0,22.916487,2025-08-25 08:00:00+00:00,0.0,1014.5,86.0,0.0,0.0,2025-08-25 06:55:08-05:00,2025-08-25 19:51:33-05:00,1012.1815,25.4305,28.597168,0.0,3.0,281.3099,10.799999,5.506941
Houston,30.020615,32.552494,0.0,23.296644,2025-08-25 09:00:00+00:00,0.0,1014.7,88.0,0.0,0.0,2025-08-25 06:55:08-05:00,2025-08-25 19:51:33-05:00,1012.38104,25.4305,28.597168,0.0,3.0,309.09384,13.679999,7.42159
Houston,30.155022,32.552494,1.0,23.33606,2025-08-25 10:00:00+00:00,0.0,1014.8,89.0,0.0,0.0,2025-08-25 06:55:08-05:00,2025-08-25 19:51:33-05:00,1012.47986,25.280499,28.597168,0.0,3.0,296.56497,11.5199995,5.634891
Houston,30.308037,32.552494,1.0,23.274538,2025-08-25 11:00:00+00:00,0.0,1015.2,90.0,0.0,0.0,2025-08-25 06:55:08-05:00,2025-08-25 19:51:33-05:00,1012.877,25.030499,28.597168,0.0,3.0,285.94547,10.08,2.6208394
Houston,30.237316,32.552494,3.0,23.434616,2025-08-25 12:00:00+00:00,0.0,1015.4,89.0,0.0,0.0,2025-08-25 06:55:08-05:00,2025-08-25 19:51:33-05:00,1013.0791,25.380499,28.597168,0.0,3.0,263.29025,9.36,6.162207
Houston,31.844193,32.552494,3.0,24.80951,2025-08-25 13:00:00+00:00,0.0,1016.0,93.0,73.25,0.0,2025-08-25 06:55:08-05:00,2025-08-25 19:51:33-05:00,1013.68286,26.030499,28.597168,0.35,3.0,301.60745,14.759999,5.495161
Houston,33.177944,32.552494,4.0,25.568674,2025-08-25 14:00:00+00:00,0.0,1016.4,92.0,275.75,0.0,2025-08-25 06:55:08-05:00,2025-08-25 19:51:33-05:00,1014.08923,26.9805,28.597168,1.6,3.0,329.03632,12.959999,6.297428
Houston,33.819927,32.552494,0.0,24.483278,2025-08-25 15:00:00+00:00,0.0,1016.8,79.0,473.0,0.0,2025-08-25 06:55:08-05:00,2025-08-25 19:51:33-05:00,1014.49976,28.4805,28.597168,3.4,3.0,351.4693,13.32,7.2805495
Houston,35.14392,32.552494,0.0,22.637243,2025-08-25 16:00:00+00:00,0.0,1016.6,65.0,681.25,0.0,2025-08-25 06:55:08-05:00,2025-08-25 19:51:33-05:00,1014.3113,29.9305,28.597168,5.3,3.0,342.64587,12.24,6.0347
Houston,36.592304,32.552494,0.0,20.078371,2025-08-25 17:00:00+00:00,0.0,1017.5,51.0,833.75,0.0,2025-08-25 06:55:08-05:00,2025-08-25 19:51:33-05:00,1015.2204,31.4305,28.597168,6.8,3.0,56.3099,10.440001,3.8939953
Houston,36.458023,32.552494,0.0,18.659113,2025-08-25 18:00:00+00:00,0.0,1017.0,45.0,927.5,0.0,2025-08-25 06:55:08-05:00,2025-08-25 19:51:33-05:00,1014.7263,32.080498,28.597168,7.75,3.0,84.55976,14.4,7.5942073
Houston,37.39192,32.552494,0.0,17.458279,2025-08-25 19:00:00+00:00,0.0,1016.1,40.0,960.0,0.0,2025-08-25 06:55:08-05:00,2025-08-25 19:51:33-05:00,1013.834,32.830498,28.597168,8.15,3.0,41.98713,9.0,4.8433046
Houston,36.691093,32.552494,57.0,16.670647,2025-08-25 20:00:00+00:00,0.0,1015.0,37.0,920.0,0.0,2025-08-25 06:55:08-05:00,2025-08-25 19:51:33-05:00,1012.74036,33.330498,28.597168,7.7,3.0,57.724377,9.72,8.0899935
Houston,36.802986,32.552494,18.0,16.544014,2025-08-25 21:00:00+00:00,0.0,1014.6,35.0,811.5,0.0,2025-08-25 06:55:08-05:00,2025-08-25 19:51:33-05:00,1012.3472,34.1805,28.597168,6.6,3.0,55.6196,10.440001,8.287822
Houston,36.227875,32.552494,52.0,17.03191,2025-08-25 22:00:00+00:00,0.0,1014.5,36.0,649.5,0.0,2025-08-25 06:55:08-05:00,2025-08-25 19:51:33-05:00,1012.2478,34.2305,28.597168,4.9,3.0,60.94549,10.08,7.4128532
Houston,34.180862,32.552494,3.0,17.235598,2025-08-25 23:00:00+00:00,0.0,1014.7,39.0,445.5,0.0,2025-08-25 06:55:08-05:00,2025-08-25 19:51:33-05:00,1012.43884,33.0305,28.597168,2.95,3.0,105.06854,14.04,9.6932955
Houston,32.35344,,0.0,18.933508,2025-08-26 00:00:00+00:00,0.0,1014.4,50.0,224.5,0.0,,,1012.1207,30.530499,,1.25,,110.32322,19.08,10.365251
Houston,29.989803,,0.0,19.882765,2025-08-26 01:00:00+00:00,0.0,1015.0,62.0,38.25,0.0,,,1012.69904,27.8305,,0.2,,140.19447,23.039999,11.246759
Houston,29.841793,,0.0,20.278421,2025-08-26 02:00:00+00:00,0.0,1015.2,66.0,0.0,0.0,,,1012.8935,27.1805,,0.0,,168.69011,20.16,9.178235
Houston,29.462868,,0.0,20.474762,2025-08-26 03:00:00+00:00,0.0,1015.6,69.0,0.0,0.0,,,1013.28845,26.630499,,0.0,,155.55606,19.08,8.699793
Houston,29.778866,,0.0,20.97452,2025-08-26 04:00:00+00:00,0.0,1016.2,72.0,0.0,0.0,,,1013.88556,26.4305,,0.0,,158.74942,14.759999,6.9527545
