apparent_temperature,apparent_temperature_mean,cloud_cover,dew_point_2m,hourly_datetime (UTC),precipitation,pressure_msl,relative_humidity_2m,shortwave_radiation,snow_depth,sunrise (PDT),sunset (PDT),surface_pressure,temperature_2m,temperature_2m_mean,uv_index,weather_code,wind_direction_10m,wind_gusts_10m,wind_speed_10m
20.809305,23.313438,100.0,16.643637,2025-08-15 07:00:00+00:00,0.0,1011.2,83.0,0.0,0.0,2025-08-15 06:14:57-07:00,2025-08-15 19:39:42-07:00,1000.52966,19.6105,21.702166,0.0,45.0,152.24155,11.5199995,7.729527
20.78109,23.313438,100.0,16.301493,2025-08-15 08:00:00+00:00,0.0,1011.1,83.0,0.0,0.0,2025-08-15 06:14:57-07:00,2025-08-15 19:39:42-07:00,1000.418,19.2605,21.702166,0.0,45.0,108.43504,13.679999,4.5536795
21.395638,23.313438,100.0,16.599367,2025-08-15 09:00:00+00:00,0.0,1010.8,82.0,0.0,0.0,2025-08-15 06:14:57-07:00,2025-08-15 19:39:42-07:00,1000.1395,19.7605,21.702166,0.0,45.0,128.65984,12.599999,4.6102495
21.134962,23.313438,100.0,17.105639,2025-08-15 10:00:00+00:00,0.0,1010.8,86.0,0.0,0.0,2025-08-15 06:14:57-07:00,2025-08-15 19:39:42-07:00,1000.1303,19.5105,21.702166,0.0,45.0,159.44388,9.72,6.151683
21.433857,23.313438,100.0,16.790266,2025-08-15 11:00:00+00:00,0.0,1011.0,83.0,0.0,0.0,2025-08-15 06:14:57-07:00,2025-08-15 19:39:42-07:00,1000.3374,19.7605,21.702166,0.0,45.0,162.89719,6.8399997,4.896529
21.348278,23.313438,100.0,16.790266,2025-08-15 12:00:00+00:00,0.0,1011.1,83.0,0.0,0.0,2025-08-15 06:14:57-07:00,2025-08-15 19:39:42-07:00,1000.43634,19.7605,21.702166,0.0,45.0,156.80138,7.92,5.4833565
21.491032,23.313438,100.0,16.979155,2025-08-15 13:00:00+00:00,0.0,1011.5,84.0,0.0,0.0,2025-08-15 06:14:57-07:00,2025-08-15 19:39:42-07:00,1000.83215,19.7605,21.702166,0.0,45.0,184.08554,9.36,5.0528407
20.583162,23.313438,100.0,16.016714,2025-08-15 14:00:00+00:00,0.0,1011.9,80.0,3.75,0.0,2025-08-15 06:14:57-07:00,2025-08-15 19:39:42-07:00,1001.22064,19.560501,21.702166,0.1,45.0,197.52567,10.799999,7.172949
20.473145,23.313438,100.0,16.208925,2025-08-15 15:00:00+00:00,0.0,1012.7,82.0,35.0,0.0,2025-08-15 06:14:57-07:00,2025-08-15 19:39:42-07:00,1002.00464,19.3605,21.702166,1.0,45.0,203.9625,7.92,7.0911775
20.95563,23.313438,100.0,16.944311,2025-08-15 16:00:00+00:00,0.0,1013.0,87.0,67.5,0.0,2025-08-15 06:14:57-07:00,2025-08-15 19:39:42-07:00,1002.29425,19.1605,21.702166,2.55,45.0,151.38963,13.32,4.510787
22.101385,23.313438,100.0,16.791454,2025-08-15 17:00:00+00:00,0.0,1013.5,79.0,162.75,0.0,2025-08-15 06:14:57-07:00,2025-08-15 19:39:42-07:00,1002.83966,20.560501,21.702166,4.4,45.0,187.12492,12.959999,5.8048253
24.420345,23.313438,98.0,16.957314,2025-08-15 18:00:00+00:00,0.0,1013.7,70.0,415.25,0.0,2025-08-15 06:14:57-07:00,2025-08-15 19:39:42-07:00,1003.11475,22.7105,21.702166,6.1,45.0,219.28938,12.959999,5.1165614
27.39215,23.313438,52.0,18.1219,2025-08-15 19:00:00+00:00,0.0,1013.8,68.0,704.75,0.0,2025-08-15 06:14:57-07:00,2025-08-15 19:39:42-07:00,1003.2738,24.4105,21.702166,7.4,45.0,206.56499,7.2,6.439876
29.894909,23.313438,23.0,17.341393,2025-08-15 20:00:00+00:00,0.0,1013.6,55.0,873.5,0.0,2025-08-15 06:14:57-07:00,2025-08-15 19:39:42-07:00,1003.1716,27.1605,21.702166,8.05,45.0,236.3099,12.24,11.681987
29.720688,23.313438,18.0,18.538177,2025-08-15 21:00:00+00:00,0.0,1013.5,60.0,890.0,0.0,2025-08-15 06:14:57-07:00,2025-08-15 19:39:42-07:00,1003.0657,26.9605,21.702166,8.05,45.0,257.61926,16.919998,15.111424
29.754902,23.313438,11.0,18.091248,2025-08-15 22:00:00+00:00,0.0,1013.0,58.0,836.75,0.0,2025-08-15 06:14:57-07:00,2025-08-15 19:39:42-07:00,1002.5742,27.060501,21.702166,7.3,45.0,250.0168,14.4,12.641076
27.572353,23.313438,8.0,18.53241,2025-08-15 23:00:00+00:00,0.0,1012.8,64.0,733.0,0.0,2025-08-15 06:14:57-07:00,2025-08-15 19:39:42-07:00,1002.3348,25.8605,21.702166,6.0,45.0,243.9967,18.72,16.42247
26.09719,22.454092,68.0,18.164026,2025-08-16 00:00:00+00:00,0.0,1012.6,65.0,558.5,0.0,2025-08-16 06:15:40-07:00,2025-08-16 19:38:34-07:00,1002.11426,25.2105,21.023,4.25,3.0,239.03632,16.56,14.693999
25.283203,22.454092,24.0,17.207485,2025-08-16 01:00:00+00:00,0.0,1012.6,64.0,303.0,0.0,2025-08-16 06:15:40-07:00,2025-08-16 19:38:34-07:00,1002.08777,24.4605,21.023,2.4,3.0,241.11351,12.599999,11.923557
22.606697,22.454092,13.0,16.574432,2025-08-16 02:00:00+00:00,0.0,1012.5,70.0,151.5,0.0,2025-08-16 06:15:40-07:00,2025-08-16 19:38:34-07:00,1001.9131,22.310501,21.023,0.9,3.0,256.32867,15.84,13.708391
20.7553,22.454092,16.0,15.903626,2025-08-16 03:00:00+00:00,0.0,1012.8,77.0,17.0,0.0,2025-08-16 06:15:40-07:00,2025-08-16 19:38:34-07:00,1002.1291,20.060501,21.023,0.1,3.0,251.56496,10.799999,9.107359
20.066998,22.454092,35.0,16.369293,2025-08-16 04:00:00+00:00,0.0,1013.4,86.0,0.0,0.0,2025-08-16 06:15:40-07:00,2025-08-16 19:38:34-07:00,1002.6756,18.7605,21.023,0.0,3.0,259.9921,7.92,6.2145634
21.381468,22.454092,100.0,17.288418,2025-08-16 05:00:00+00:00,0.0,1014.0,87.0,0.0,0.0,2025-08-16 06:15:40-07:00,2025-08-16 19:38:34-07:00,1003.2966,19.5105,21.023,0.0,3.0,239.74365,7.2,5.00128
22.06886,22.454092,100.0,16.548548,2025-08-16 06:00:00+00:00,0.0,1014.1,79.0,0.0,0.0,2025-08-16 06:15:40-07:00,2025-08-16 19:38:34-07:00,1003.4245,20.310501,21.023,0.0,3.0,174.2895,7.5599995,3.6179552
20.826284,22.454092,100.0,16.008745,2025-08-16 07:00:00+00:00,0.0,1014.2,78.0,0.0,0.0,2025-08-16 06:15:40-07:00,2025-08-16 19:38:34-07:00,1003.5109,19.9605,21.023,0.0,3.0,156.80139,11.159999,8.225035
20.906862,22.454092,100.0,16.909286,2025-08-16 08:00:00+00:00,0.0,1014.3,86.0,0.0,0.0,2025-08-16 06:15:40-07:00,2025-08-16 19:38:34-07:00,1003.5862,19.310501,21.023,0.0,3.0,176.42374,8.28,5.771239
21.06165,22.454092,100.0,16.685469,2025-08-16 09:00:00+00:00,0.0,1014.3,84.0,0.0,0.0,2025-08-16 06:15:40-07:00,2025-08-16 19:38:34-07:00,1003.5915,19.4605,21.023,0.0,3.0,188.13002,9.36,5.0911684
20.540377,22.454092,100.0,15.819792,2025-08-16 10:00:00+00:00,0.0,1014.2,79.0,0.0,0.0,2025-08-16 06:15:40-07:00,2025-08-16 19:38:34-07:00,1003.49634,19.560501,21.023,0.0,3.0,171.02745,10.08,6.924738
20.82648,22.454092,100.0,15.613024,2025-08-16 11:00:00+00:00,0.0,1014.3,77.0,0.0,0.0,2025-08-16 06:15:40-07:00,2025-08-16 19:38:34-07:00,1003.6026,19.7605,21.023,0.0,3.0,176.42374,8.28,5.771239
20.150887,22.454092,100.0,16.614746,2025-08-16 12:00:00+00:00,0.0,1014.5,86.0,0.0,0.0,2025-08-16 06:15:40-07:00,2025-08-16 19:38:34-07:00,1003.7731,19.0105,21.023,0.0,3.0,169.6952,8.64,8.049845
20.273254,22.454092,100.0,16.85979,2025-08-16 13:00:00+00:00,0.0,1015.0,89.0,0.0,0.0,2025-08-16 06:15:40-07:00,2025-08-16 19:38:34-07:00,1004.2567,18.7105,21.023,0.0,3.0,169.3804,9.72,5.8603754
19.218744,22.454092,100.0,16.641201,2025-08-16 14:00:00+00:00,0.0,1015.3,90.0,2.75,0.0,2025-08-16 06:15:40-07:00,2025-08-16 19:38:34-07:00,1004.539,18.310501,21.023,0.05,3.0,180.0,10.440001,9.72
20.022121,22.454092,100.0,16.381775,2025-08-16 15:00:00+00:00,0.0,1015.8,85.0,41.5,0.0,2025-08-16 06:15:40-07:00,2025-08-16 19:38:34-07:00,1005.0574,18.9605,21.023,0.35,3.0,182.60251,8.64,7.928178
19.89833,22.454092,100.0,16.40356,2025-08-16 16:00:00+00:00,0.0,1016.4,87.0,55.0,0.0,2025-08-16 06:15:40-07:00,2025-08-16 19:38:34-07:00,1005.6385,18.6105,21.023,0.95,3.0,206.56499,7.2,6.439876
21.412544,22.454092,100.0,16.405983,2025-08-16 17:00:00+00:00,0.0,1016.4,80.0,139.25,0.0,2025-08-16 06:15:40-07:00,2025-08-16 19:38:34-07:00,1005.68774,19.9605,21.023,1.9,3.0,208.30066,6.12,5.315336
23.036646,22.454092,100.0,16.956322,2025-08-16 18:00:00+00:00,0.0,1016.3,76.0,249.0,0.0,2025-08-16 06:15:40-07:00,2025-08-16 19:38:34-07:00,1005.6393,21.3605,21.023,4.6,3.0,222.27362,9.0,5.3517847
24.962414,22.454092,100.0,18.239853,2025-08-16 19:00:00+00:00,0.0,1016.2,78.0,338.5,0.0,2025-08-16 06:15:40-07:00,2025-08-16 19:38:34-07:00,1005.5725,22.2605,21.023,7.05,3.0,279.46225,9.0,2.1897945
26.330107,22.454092,37.0,17.740479,2025-08-16 20:00:00+00:00,0.0,1015.7,68.0,462.5,0.0,2025-08-16 06:15:40-07:00,2025-08-16 19:38:34-07:00,1005.13983,24.0105,21.023,8.05,3.0,263.6599,6.8399997,3.2599385
28.753746,22.454092,29.0,18.929853,2025-08-16 21:00:00+00:00,0.0,1015.4,66.0,821.0,0.0,2025-08-16 06:15:40-07:00,2025-08-16 19:38:34-07:00,1004.90454,25.7605,21.023,8.05,3.0,255.17348,13.32,12.661564
28.145252,22.454092,21.0,18.011948,2025-08-16 22:00:00+00:00,0.0,1014.9,64.0,843.25,0.0,2025-08-16 06:15:40-07:00,2025-08-16 19:38:34-07:00,1004.3939,25.310501,21.023,7.3,3.0,250.46326,12.959999,11.841756
27.85239,22.454092,18.0,17.787237,2025-08-16 23:00:00+00:00,0.0,1014.4,60.0,723.25,0.0,2025-08-16 06:15:40-07:00,2025-08-16 19:38:34-07:00,1003.9287,26.1605,21.023,6.0,3.0,250.64091,16.919998,14.118243
26.017645,24.38479,8.0,17.145828,2025-08-17 00:00:00+00:00,0.0,1014.2,59.0,565.5,0.0,2025-08-17 06:16:22-07:00,2025-08-17 19:37:26-07:00,1003.7169,25.7605,22.258417,4.25,3.0,258.4399,19.44,16.167967
23.995705,24.38479,8.0,16.93483,2025-08-17 01:00:00+00:00,0.0,1013.7,66.0,371.5,0.0,2025-08-17 06:16:22-07:00,2025-08-17 19:37:26-07:00,1003.1483,23.6605,22.258417,2.4,3.0,264.2895,18.0,14.471821
22.087036,24.38479,13.0,17.037083,2025-08-17 02:00:00+00:00,0.0,1013.6,75.0,164.25,0.0,2025-08-17 06:16:22-07:00,2025-08-17 19:37:26-07:00,1002.9782,21.6605,22.258417,0.9,3.0,262.69434,18.0,14.154915
20.640583,24.38479,7.0,16.455141,2025-08-17 03:00:00+00:00,0.0,1013.9,81.0,16.5,0.0,2025-08-17 06:16:22-07:00,2025-08-17 19:37:26-07:00,1003.2084,19.810501,22.258417,0.1,3.0,270.0,12.959999,9.72
20.329117,24.38479,6.0,16.154858,2025-08-17 04:00:00+00:00,0.0,1014.3,83.0,0.0,0.0,2025-08-17 06:16:22-07:00,2025-08-17 19:37:26-07:00,1003.5789,19.1105,22.258417,0.0,3.0,259.9921,10.08,6.2145634
20.279661,24.38479,64.0,16.24492,2025-08-17 05:00:00+00:00,0.0,1015.0,84.0,0.0,0.0,2025-08-17 06:16:22-07:00,2025-08-17 19:37:26-07:00,1004.26776,19.0105,22.258417,0.0,3.0,270.0,7.92,6.12
21.330334,24.38479,81.0,17.381636,2025-08-17 06:00:00+00:00,0.0,1014.9,90.0,0.0,0.0,2025-08-17 06:16:22-07:00,2025-08-17 19:37:26-07:00,1004.1707,19.060501,22.258417,0.0,3.0,261.87,5.3999996,2.5455842
21.112497,24.38479,100.0,17.507269,2025-08-17 07:00:00+00:00,0.0,1014.9,91.0,0.0,0.0,2025-08-17 06:16:22-07:00,2025-08-17 19:37:26-07:00,1004.1688,19.0105,22.258417,0.0,3.0,224.9999,6.12,4.072935
20.739277,24.38479,50.0,17.056969,2025-08-17 08:00:00+00:00,0.0,1014.7,89.0,0.0,0.0,2025-08-17 06:16:22-07:00,2025-08-17 19:37:26-07:00,1003.96716,18.9105,22.258417,0.0,3.0,231.34016,5.7599998,4.6102495
20.48088,24.38479,100.0,16.271112,2025-08-17 09:00:00+00:00,0.0,1014.5,86.0,0.0,0.0,2025-08-17 06:16:22-07:00,2025-08-17 19:37:26-07:00,1003.76013,18.6605,22.258417,0.0,3.0,206.56499,3.6,2.4149535
20.438272,24.38479,54.0,16.435587,2025-08-17 10:00:00+00:00,0.0,1014.5,88.0,0.0,0.0,2025-08-17 06:16:22-07:00,2025-08-17 19:37:26-07:00,1003.7529,18.4605,22.258417,0.0,3.0,180.0,5.3999996,1.8
20.08149,24.38479,100.0,15.927474,2025-08-17 11:00:00+00:00,0.0,1014.3,86.0,0.0,0.0,2025-08-17 06:16:22-07:00,2025-08-17 19:37:26-07:00,1003.54956,18.310501,22.258417,0.0,3.0,180.0,6.8399997,1.8
20.954569,24.38479,100.0,16.64936,2025-08-17 12:00:00+00:00,0.0,1014.1,87.0,0.0,0.0,2025-08-17 06:16:22-07:00,2025-08-17 19:37:26-07:00,1003.37195,18.8605,22.258417,0.0,3.0,206.56499,8.64,1.609969
20.689026,24.38479,100.0,15.964892,2025-08-17 13:00:00+00:00,0.0,1014.4,82.0,0.0,0.0,2025-08-17 06:16:22-07:00,2025-08-17 19:37:26-07:00,1003.6779,19.1105,22.258417,0.0,3.0,153.43501,11.159999,3.219938
20.713379,24.38479,18.0,15.867274,2025-08-17 14:00:00+00:00,0.0,1014.9,82.0,25.0,0.0,2025-08-17 06:16:22-07:00,2025-08-17 19:37:26-07:00,1004.1688,19.0105,22.258417,0.1,3.0,149.03632,6.8399997,2.0991426
22.074728,24.38479,100.0,16.499966,2025-08-17 15:00:00+00:00,0.0,1015.3,79.0,126.75,0.0,2025-08-17 06:16:22-07:00,2025-08-17 19:37:26-07:00,1004.6099,20.2605,22.258417,1.0,3.0,144.46223,6.8399997,3.096837
23.802181,24.38479,100.0,17.415379,2025-08-17 16:00:00+00:00,0.0,1015.2,78.0,207.25,0.0,2025-08-17 06:16:22-07:00,2025-08-17 19:37:26-07:00,1004.55273,21.4105,22.258417,2.55,3.0,233.13002,4.32,1.8
24.336815,24.38479,100.0,17.499931,2025-08-17 17:00:00+00:00,0.0,1015.1,74.0,373.75,0.0,2025-08-17 06:16:22-07:00,2025-08-17 19:37:26-07:00,1004.4874,22.3605,22.258417,4.4,3.0,233.97253,5.04,4.8965297
26.952103,24.38479,32.0,17.784752,2025-08-17 18:00:00+00:00,0.0,1015.0,65.0,522.25,0.0,2025-08-17 06:16:22-07:00,2025-08-17 19:37:26-07:00,1004.4752,24.810501,22.258417,6.1,3.0,231.34016,6.12,4.6102495
31.204247,24.38479,11.0,18.538177,2025-08-17 19:00:00+00:00,0.0,1014.4,60.0,832.5,0.0,2025-08-17 06:16:22-07:00,2025-08-17 19:37:26-07:00,1003.9564,26.9605,22.258417,7.4,3.0,221.98714,5.3999996,4.8433046
33.317844,24.38479,5.0,17.998009,2025-08-17 20:00:00+00:00,0.0,1013.9,50.0,951.0,0.0,2025-08-17 06:16:22-07:00,2025-08-17 19:37:26-07:00,1003.5492,29.5105,22.258417,8.05,3.0,233.97253,10.08,9.793059
32.48612,24.38479,5.0,18.903925,2025-08-17 21:00:00+00:00,0.0,1013.5,54.0,943.75,0.0,2025-08-17 06:16:22-07:00,2025-08-17 19:37:26-07:00,1003.1413,29.1605,22.258417,8.05,3.0,255.61856,15.84,14.494192
30.521038,24.38479,4.0,18.654028,2025-08-17 22:00:00+00:00,0.0,1012.8,57.0,873.75,0.0,2025-08-17 06:16:22-07:00,2025-08-17 19:37:26-07:00,1002.40753,27.9605,22.258417,7.3,3.0,254.40712,18.359999,16.071491
28.619652,24.38479,3.0,18.129484,2025-08-17 23:00:00+00:00,0.0,1012.3,59.0,749.0,0.0,2025-08-17 06:16:22-07:00,2025-08-17 19:37:26-07:00,1001.87305,26.810501,22.258417,5.95,3.0,256.29303,17.28,15.192682
26.799047,25.295858,9.0,18.638077,2025-08-18 00:00:00+00:00,0.0,1011.9,65.0,584.75,0.0,2025-08-18 06:17:05-07:00,2025-08-18 19:36:16-07:00,1001.4388,25.7105,23.04175,4.2,3.0,259.46088,18.0,15.745627
25.95291,25.295858,6.0,17.926983,2025-08-18 01:00:00+00:00,0.0,1011.9,65.0,370.0,0.0,2025-08-18 06:17:05-07:00,2025-08-18 19:36:16-07:00,1001.4127,24.9605,23.04175,2.4,3.0,257.125,14.759999,12.9249525
24.778034,25.295858,18.0,18.581516,2025-08-18 02:00:00+00:00,0.0,1011.7,75.0,155.75,0.0,2025-08-18 06:17:05-07:00,2025-08-18 19:36:16-07:00,1001.1551,23.2605,23.04175,0.85,3.0,251.56496,14.04,11.384199
22.65301,25.295858,16.0,17.819534,2025-08-18 03:00:00+00:00,0.0,1012.0,81.0,15.5,0.0,2025-08-18 06:17:05-07:00,2025-08-18 19:36:16-07:00,1001.37897,21.2105,23.04175,0.1,3.0,259.1145,11.879999,9.531505
22.092957,25.295858,100.0,17.912382,2025-08-18 04:00:00+00:00,0.0,1012.4,88.0,0.0,0.0,2025-08-18 06:17:05-07:00,2025-08-18 19:36:16-07:00,1001.7299,19.9605,23.04175,0.0,3.0,261.87,5.3999996,5.0911684
22.348515,25.295858,50.0,17.632515,2025-08-18 05:00:00+00:00,0.0,1012.5,87.0,0.0,0.0,2025-08-18 06:17:05-07:00,2025-08-18 19:36:16-07:00,1001.825,19.8605,23.04175,0.0,3.0,233.13002,3.2399998,1.8
22.086414,25.295858,21.0,16.88126,2025-08-18 06:00:00+00:00,0.0,1012.4,84.0,0.0,0.0,2025-08-18 06:17:05-07:00,2025-08-18 19:36:16-07:00,1001.7189,19.6605,23.04175,0.0,3.0,270.0,2.52,0.0
20.305925,25.295858,4.0,16.000168,2025-08-18 07:00:00+00:00,0.0,1012.6,84.0,0.0,0.0,2025-08-18 06:17:05-07:00,2025-08-18 19:36:16-07:00,1001.88403,18.7605,23.04175,0.0,3.0,156.0375,8.28,3.5455887
19.584278,25.295858,0.0,15.37277,2025-08-18 08:00:00+00:00,0.0,1012.7,83.0,0.0,0.0,2025-08-18 06:17:05-07:00,2025-08-18 19:36:16-07:00,1001.96655,18.310501,23.04175,0.0,3.0,119.05451,10.440001,3.7064266
18.888258,25.295858,11.0,15.795603,2025-08-18 09:00:00+00:00,0.0,1012.5,88.0,0.0,0.0,2025-08-18 06:17:05-07:00,2025-08-18 19:36:16-07:00,1001.7501,17.810501,23.04175,0.0,3.0,125.537766,15.4800005,6.193674
19.322586,25.295858,17.0,16.098194,2025-08-18 10:00:00+00:00,0.0,1012.6,90.0,0.0,0.0,2025-08-18 06:17:05-07:00,2025-08-18 19:36:16-07:00,1001.8475,17.7605,23.04175,0.0,3.0,119.05451,11.159999,3.7064266
19.085964,25.295858,25.0,15.844832,2025-08-18 11:00:00+00:00,0.0,1012.8,88.0,0.0,0.0,2025-08-18 06:17:05-07:00,2025-08-18 19:36:16-07:00,1002.0488,17.8605,23.04175,0.0,3.0,118.30067,15.84,5.315336
20.05463,25.295858,100.0,16.56401,2025-08-18 12:00:00+00:00,0.0,1012.9,89.0,0.0,0.0,2025-08-18 06:17:05-07:00,2025-08-18 19:36:16-07:00,1002.16797,18.4105,23.04175,0.0,3.0,104.03627,11.879999,4.452954
21.255995,25.295858,100.0,16.685469,2025-08-18 13:00:00+00:00,0.0,1013.1,84.0,0.0,0.0,2025-08-18 06:17:05-07:00,2025-08-18 19:36:16-07:00,1002.4041,19.4605,23.04175,0.0,3.0,106.699326,8.64,3.7585104
21.004766,25.295858,12.0,16.626873,2025-08-18 14:00:00+00:00,0.0,1013.8,85.0,25.0,0.0,2025-08-18 06:17:05-07:00,2025-08-18 19:36:16-07:00,1003.08765,19.2105,23.04175,0.1,3.0,126.86999,7.2,3.6
21.74051,25.295858,100.0,17.730827,2025-08-18 15:00:00+00:00,0.0,1014.1,87.0,129.25,0.0,2025-08-18 06:17:05-07:00,2025-08-18 19:36:16-07:00,1003.4119,19.9605,23.04175,1.0,3.0,111.25058,7.5599995,6.9527545
25.956066,25.295858,51.0,19.18374,2025-08-18 16:00:00+00:00,0.0,1013.9,81.0,273.25,0.0,2025-08-18 06:17:05-07:00,2025-08-18 19:36:16-07:00,1003.3091,22.6105,23.04175,2.55,3.0,206.56499,6.12,0.8049845
28.207146,25.295858,8.0,19.482088,2025-08-18 17:00:00+00:00,0.0,1013.9,71.0,564.0,0.0,2025-08-18 06:17:05-07:00,2025-08-18 19:36:16-07:00,1003.3973,25.1105,23.04175,4.4,3.0,232.12495,4.32,4.1046314
31.383766,25.295858,4.0,18.597807,2025-08-18 18:00:00+00:00,0.0,1013.8,59.0,775.5,0.0,2025-08-18 06:17:05-07:00,2025-08-18 19:36:16-07:00,1003.3749,27.310501,23.04175,6.1,3.0,213.6901,4.32,3.8939953
32.475204,25.295858,2.0,18.004234,2025-08-18 19:00:00+00:00,0.0,1013.6,53.0,914.0,0.0,2025-08-18 06:17:05-07:00,2025-08-18 19:36:16-07:00,1003.2179,28.5105,23.04175,7.4,3.0,213.6901,8.28,7.7879906
34.343376,25.295858,2.0,20.520655,2025-08-18 20:00:00+00:00,0.0,1013.6,58.0,971.0,0.0,2025-08-18 06:17:05-07:00,2025-08-18 19:36:16-07:00,1003.2572,29.6605,23.04175,8.1,3.0,245.69547,13.679999,12.245293
33.33897,25.295858,5.0,20.649448,2025-08-18 21:00:00+00:00,0.0,1013.1,60.0,952.75,0.0,2025-08-18 06:17:05-07:00,2025-08-18 19:36:16-07:00,1002.7469,29.2105,23.04175,8.05,3.0,257.61926,18.359999,15.111424
32.56589,25.295858,1.0,19.228033,2025-08-18 22:00:00+00:00,0.0,1012.5,54.0,887.5,0.0,2025-08-18 06:17:05-07:00,2025-08-18 19:36:16-07:00,1002.16345,29.5105,23.04175,7.3,3.0,256.29303,16.56,15.192682
30.972412,25.295858,2.0,18.142849,2025-08-18 23:00:00+00:00,0.0,1012.2,53.0,774.0,0.0,2025-08-18 06:17:05-07:00,2025-08-18 19:36:16-07:00,1001.8376,28.6605,23.04175,5.95,3.0,250.55988,14.759999,12.979984
29.52504,25.20475,2.0,17.72699,2025-08-19 00:00:00+00:00,0.0,1011.9,53.0,592.5,0.0,2025-08-19 06:17:48-07:00,2025-08-19 19:35:05-07:00,1001.52527,28.2105,23.104248,4.2,45.0,259.3804,13.679999,11.720751
27.950195,25.20475,3.0,18.661398,2025-08-19 01:00:00+00:00,0.0,1012.0,61.0,376.75,0.0,2025-08-19 06:17:48-07:00,2025-08-19 19:35:05-07:00,1001.5762,26.810501,23.104248,2.35,45.0,261.2539,16.56,14.205182
25.380552,25.20475,3.0,17.5951,2025-08-19 02:00:00+00:00,0.0,1012.3,65.0,160.5,0.0,2025-08-19 06:17:48-07:00,2025-08-19 19:35:05-07:00,1001.7962,24.6105,23.104248,0.85,45.0,249.62347,15.84,13.441071
24.796381,25.20475,7.0,18.482328,2025-08-19 03:00:00+00:00,0.0,1012.7,78.0,14.0,0.0,2025-08-19 06:17:48-07:00,2025-08-19 19:35:05-07:00,1002.11786,22.5105,23.104248,0.05,45.0,240.2552,7.2,5.8048253
23.988377,25.20475,12.0,18.209326,2025-08-19 04:00:00+00:00,0.0,1013.3,81.0,0.0,0.0,2025-08-19 06:17:48-07:00,2025-08-19 19:35:05-07:00,1002.6795,21.6105,23.104248,0.0,45.0,270.0,6.12,4.32
23.238064,25.20475,4.0,17.31838,2025-08-19 05:00:00+00:00,0.0,1013.6,78.0,0.0,0.0,2025-08-19 06:17:48-07:00,2025-08-19 19:35:05-07:00,1002.9657,21.310501,23.104248,0.0,45.0,265.60138,5.7599998,4.6938252
21.73629,25.20475,5.0,17.58336,2025-08-19 06:00:00+00:00,0.0,1013.8,87.0,0.0,0.0,2025-08-19 06:17:48-07:00,2025-08-19 19:35:05-07:00,1003.10944,19.810501,23.104248,0.0,45.0,258.6901,6.8399997,5.506941
22.447916,25.20475,11.0,17.681667,2025-08-19 07:00:00+00:00,0.0,1014.1,87.0,0.0,0.0,2025-08-19 06:17:48-07:00,2025-08-19 19:35:05-07:00,1003.41003,19.9105,23.104248,0.0,45.0,333.43503,2.52,1.609969
21.235819,25.20475,15.0,16.811108,2025-08-19 08:00:00+00:00,0.0,1014.2,86.0,0.0,0.0,2025-08-19 06:17:48-07:00,2025-08-19 19:35:05-07:00,1003.48346,19.2105,23.104248,0.0,45.0,261.87,3.6,2.5455842
20.690779,25.20475,35.0,16.78929,2025-08-19 09:00:00+00:00,0.0,1014.1,90.0,0.0,0.0,2025-08-19 06:17:48-07:00,2025-08-19 19:35:05-07:00,1003.3571,18.4605,23.104248,0.0,45.0,270.0,1.4399999,1.08
20.782438,25.20475,38.0,17.210701,2025-08-19 10:00:00+00:00,0.0,1013.9,91.0,0.0,0.0,2025-08-19 06:17:48-07:00,2025-08-19 19:35:05-07:00,1003.1684,18.7105,23.104248,0.0,45.0,237.99466,4.68,3.396233
19.908682,25.20475,50.0,16.295654,2025-08-19 11:00:00+00:00,0.0,1014.0,90.0,0.0,0.0,2025-08-19 06:17:48-07:00,2025-08-19 19:35:05-07:00,1003.23987,17.9605,23.104248,0.0,45.0,333.43503,1.8,1.609969
18.984379,25.20475,7.0,15.647909,2025-08-19 12:00:00+00:00,0.0,1014.3,88.0,0.0,0.0,2025-08-19 06:17:48-07:00,2025-08-19 19:35:05-07:00,1003.5257,17.6605,23.104248,0.0,45.0,344.7448,3.6,4.1046314
18.437103,25.20475,11.0,15.700754,2025-08-19 13:00:00+00:00,0.0,1014.7,92.0,0.0,0.0,2025-08-19 06:17:48-07:00,2025-08-19 19:35:05-07:00,1003.8975,17.0105,23.104248,0.0,45.0,66.037506,3.6,3.5455887
19.235855,25.20475,100.0,17.028673,2025-08-19 14:00:00+00:00,0.0,1015.4,97.0,9.25,0.0,2025-08-19 06:17:48-07:00,2025-08-19 19:35:05-07:00,1004.60834,17.5105,23.104248,0.1,45.0,105.945465,11.5199995,5.2416787
21.671734,25.20475,100.0,18.339848,2025-08-19 15:00:00+00:00,0.0,1015.7,95.0,89.25,0.0,2025-08-19 06:17:48-07:00,2025-08-19 19:35:05-07:00,1004.9657,19.1605,23.104248,0.95,45.0,131.18582,5.04,3.8268526
23.439537,25.20475,61.0,18.831503,2025-08-19 16:00:00+00:00,0.0,1015.8,89.0,204.0,0.0,2025-08-19 06:17:48-07:00,2025-08-19 19:35:05-07:00,1005.12115,20.7105,23.104248,2.55,45.0,213.6901,3.96,3.8939953
26.467657,25.20475,21.0,19.13168,2025-08-19 17:00:00+00:00,0.0,1015.8,76.0,473.25,0.0,2025-08-19 06:17:48-07:00,2025-08-19 19:35:05-07:00,1005.22455,23.6105,23.104248,4.4,45.0,275.19434,3.96,3.9763298
30.261536,25.20475,2.0,18.379232,2025-08-19 18:00:00+00:00,0.0,1015.7,61.0,770.75,0.0,2025-08-19 06:17:48-07:00,2025-08-19 19:35:05-07:00,1005.2276,26.5105,23.104248,6.1,45.0,239.74365,5.04,5.00128
33.031956,25.20475,0.0,17.631065,2025-08-19 19:00:00+00:00,0.0,1015.4,50.0,908.0,0.0,2025-08-19 06:17:48-07:00,2025-08-19 19:35:05-07:00,1005.02,29.1105,23.104248,7.4,45.0,242.10283,7.92,6.9247384
34.09675,25.20475,0.0,17.509745,2025-08-19 20:00:00+00:00,0.0,1015.2,45.0,972.0,0.0,2025-08-19 06:17:48-07:00,2025-08-19 19:35:05-07:00,1004.87976,30.810501,23.104248,8.05,45.0,252.64589,13.32,12.0694
34.530514,25.20475,0.0,17.962313,2025-08-19 21:00:00+00:00,0.0,1014.8,45.0,961.75,0.0,2025-08-19 06:17:48-07:00,2025-08-19 19:35:05-07:00,1004.5008,31.310501,23.104248,8.0,45.0,252.55272,14.4,13.207634
33.77148,25.20475,0.0,18.582197,2025-08-19 22:00:00+00:00,0.0,1014.1,48.0,890.25,0.0,2025-08-19 06:17:48-07:00,2025-08-19 19:35:05-07:00,1003.7927,30.8605,23.104248,7.25,45.0,252.47433,15.84,14.345898
31.511505,25.20475,0.0,17.38157,2025-08-19 23:00:00+00:00,0.0,1013.6,47.0,765.0,0.0,2025-08-19 06:17:48-07:00,2025-08-19 19:35:05-07:00,1003.2657,29.9105,23.104248,5.9,45.0,254.62369,17.28,14.934577
28.515873,26.493006,3.0,17.99138,2025-08-20 00:00:00+00:00,0.0,1013.4,55.0,589.25,0.0,2025-08-20 06:18:31-07:00,2025-08-20 19:33:52-07:00,1002.998,27.8605,25.110498,4.15,3.0,260.13425,20.519999,16.808569
27.75856,26.493006,1.0,17.394215,2025-08-20 01:00:00+00:00,0.0,1013.3,56.0,377.5,0.0,2025-08-20 06:18:31-07:00,2025-08-20 19:33:52-07:00,1002.86615,26.9105,25.110498,2.3,3.0,264.95764,14.759999,12.287555
25.629686,26.493006,2.0,16.221409,2025-08-20 02:00:00+00:00,0.0,1013.3,58.0,161.0,0.0,2025-08-20 06:18:31-07:00,2025-08-20 19:33:52-07:00,1002.8016,25.060501,25.110498,0.8,3.0,266.186,13.679999,10.823973
23.73957,26.493006,1.0,15.8348465,2025-08-20 03:00:00+00:00,0.0,1013.6,64.0,14.25,0.0,2025-08-20 06:18:31-07:00,2025-08-20 19:33:52-07:00,1003.02637,23.0105,25.110498,0.05,3.0,265.23645,11.879999,8.669949
23.005407,26.493006,4.0,16.298021,2025-08-20 04:00:00+00:00,0.0,1013.8,72.0,0.0,0.0,2025-08-20 06:18:31-07:00,2025-08-20 19:33:52-07:00,1003.1727,21.560501,25.110498,0.0,3.0,274.08554,9.36,5.0528407
22.378946,26.493006,7.0,17.087162,2025-08-20 05:00:00+00:00,0.0,1014.1,80.0,0.0,0.0,2025-08-20 06:18:31-07:00,2025-08-20 19:33:52-07:00,1003.43713,20.6605,25.110498,0.0,3.0,262.40546,7.2,5.4477882
23.380222,26.493006,8.0,17.027369,2025-08-20 06:00:00+00:00,0.0,1014.1,78.0,0.0,0.0,2025-08-20 06:18:31-07:00,2025-08-20 19:33:52-07:00,1003.4497,21.0105,25.110498,0.0,3.0,206.56499,2.52,0.8049845
21.365507,26.493006,5.0,16.550562,2025-08-20 07:00:00+00:00,0.0,1014.1,82.0,0.0,0.0,2025-08-20 06:18:31-07:00,2025-08-20 19:33:52-07:00,1003.40283,19.7105,25.110498,0.0,3.0,131.63345,4.68,4.3349743
20.913887,26.493006,4.0,15.91696,2025-08-20 08:00:00+00:00,0.0,1013.9,79.0,0.0,0.0,2025-08-20 06:18:31-07:00,2025-08-20 19:33:52-07:00,1003.20306,19.6605,25.110498,0.0,3.0,118.30067,5.7599998,5.315336
20.039244,26.493006,6.0,15.951219,2025-08-20 09:00:00+00:00,0.0,1013.7,84.0,0.0,0.0,2025-08-20 06:18:31-07:00,2025-08-20 19:33:52-07:00,1002.9705,18.7105,25.110498,0.0,3.0,143.97253,6.12,4.8965297
20.302715,26.493006,4.0,15.529198,2025-08-20 10:00:00+00:00,0.0,1013.6,81.0,0.0,0.0,2025-08-20 06:18:31-07:00,2025-08-20 19:33:52-07:00,1002.8772,18.8605,25.110498,0.0,3.0,75.96373,3.2399998,2.968636
19.562708,26.493006,2.0,15.189463,2025-08-20 11:00:00+00:00,0.0,1013.5,80.0,0.0,0.0,2025-08-20 06:18:31-07:00,2025-08-20 19:33:52-07:00,1002.77264,18.7105,25.110498,0.0,3.0,44.999897,6.12,6.1094027
19.577442,26.493006,0.0,14.136261,2025-08-20 12:00:00+00:00,0.0,1013.2,72.0,0.0,0.0,2025-08-20 06:18:31-07:00,2025-08-20 19:33:52-07:00,1002.4978,19.310501,25.110498,0.0,3.0,50.906155,7.92,7.42159
18.348139,26.493006,0.0,12.970413,2025-08-20 13:00:00+00:00,0.0,1013.2,68.0,0.0,0.0,2025-08-20 06:18:31-07:00,2025-08-20 19:33:52-07:00,1002.4868,19.0105,25.110498,0.0,3.0,58.392544,12.959999,10.990322
20.290634,26.493006,0.0,13.465404,2025-08-20 14:00:00+00:00,0.0,1013.4,66.0,26.5,0.0,2025-08-20 06:18:31-07:00,2025-08-20 19:33:52-07:00,1002.7209,20.0105,25.110498,0.1,3.0,108.43504,9.72,5.6920996
24.726698,26.493006,4.0,15.976862,2025-08-20 15:00:00+00:00,0.0,1013.8,64.0,190.0,0.0,2025-08-20 06:18:31-07:00,2025-08-20 19:33:52-07:00,1003.2297,23.1605,25.110498,0.95,3.0,139.39879,8.64,3.319036
26.622635,26.493006,4.0,17.24212,2025-08-20 16:00:00+00:00,0.0,1014.0,63.0,404.5,0.0,2025-08-20 06:18:31-07:00,2025-08-20 19:33:52-07:00,1003.484,24.7605,25.110498,2.5,3.0,143.97253,6.4799995,4.8965297
30.239056,26.493006,3.0,18.047855,2025-08-20 17:00:00+00:00,0.0,1013.6,57.0,605.75,0.0,2025-08-20 06:18:31-07:00,2025-08-20 19:33:52-07:00,1003.17694,27.310501,25.110498,4.3,3.0,188.13002,5.04,2.5455842
32.88419,26.493006,2.0,17.532795,2025-08-20 18:00:00+00:00,0.0,1013.6,48.0,778.5,0.0,2025-08-20 06:18:31-07:00,2025-08-20 19:33:52-07:00,1003.25885,29.7105,25.110498,5.85,3.0,218.15727,6.8399997,6.4096174
35.4158,26.493006,0.0,16.054443,2025-08-20 19:00:00+00:00,0.0,1013.1,38.0,907.0,0.0,2025-08-20 06:18:31-07:00,2025-08-20 19:33:52-07:00,1002.84644,32.1605,25.110498,7.15,3.0,222.87889,7.5599995,6.8777895
36.342743,26.493006,1.0,17.029236,2025-08-20 20:00:00+00:00,0.0,1012.3,38.0,966.75,0.0,2025-08-20 06:18:31-07:00,2025-08-20 19:33:52-07:00,1002.09094,33.2605,25.110498,7.8,3.0,255.96373,12.959999,11.874544
34.170155,26.493006,0.0,13.866468,2025-08-20 21:00:00+00:00,0.0,1011.6,32.0,963.5,0.0,2025-08-20 06:18:31-07:00,2025-08-20 19:33:52-07:00,1001.37976,32.7105,25.110498,7.8,3.0,253.44284,15.4800005,13.896187
35.108868,26.493006,1.0,16.995594,2025-08-20 22:00:00+00:00,0.0,1011.2,39.0,893.75,0.0,2025-08-20 06:18:31-07:00,2025-08-20 19:33:52-07:00,1000.9858,32.7605,25.110498,7.2,3.0,257.79956,15.4800005,13.627795
32.41369,26.493006,3.0,15.1511965,2025-08-20 23:00:00+00:00,0.0,1010.7,37.0,755.25,0.0,2025-08-20 06:18:31-07:00,2025-08-20 19:33:52-07:00,1000.45245,31.6105,25.110498,5.85,3.0,259.56256,15.84,13.910169
31.162544,28.542242,1.0,16.465796,2025-08-21 00:00:00+00:00,0.0,1010.3,42.0,576.0,0.0,2025-08-21 06:19:14-07:00,2025-08-21 19:32:39-07:00,1000.0313,30.8605,27.068834,4.1,3.0,259.82455,17.28,14.264361
28.70374,28.542242,0.0,13.338729,2025-08-21 01:00:00+00:00,0.0,1009.9,37.0,366.5,0.0,2025-08-21 06:19:14-07:00,2025-08-21 19:32:39-07:00,999.59155,29.560501,27.068834,2.05,3.0,260.53775,16.56,13.138765
27.569086,28.542242,7.0,17.2546,2025-08-21 02:00:00+00:00,0.0,1010.1,56.0,153.25,0.0,2025-08-21 06:19:14-07:00,2025-08-21 19:32:39-07:00,999.6938,26.7605,27.068834,0.7,3.0,258.0239,16.199999,12.144331
26.530073,28.542242,77.0,17.633392,2025-08-21 03:00:00+00:00,0.0,1010.6,64.0,12.0,0.0,2025-08-21 06:19:14-07:00,2025-08-21 19:32:39-07:00,1000.1246,24.9105,27.068834,0.05,3.0,242.24155,13.32,7.729527
24.615301,28.542242,94.0,15.603615,2025-08-21 04:00:00+00:00,0.0,1010.9,61.0,0.0,0.0,2025-08-21 06:19:14-07:00,2025-08-21 19:32:39-07:00,1000.3741,23.560501,27.068834,0.0,3.0,277.1249,7.92,5.8048253
24.255692,28.542242,5.0,16.032063,2025-08-21 05:00:00+00:00,0.0,1011.4,66.0,0.0,0.0,2025-08-21 06:19:14-07:00,2025-08-21 19:32:39-07:00,1000.83875,22.7105,27.068834,0.0,3.0,185.7105,3.96,3.6179552
24.671602,28.542242,23.0,16.174616,2025-08-21 06:00:00+00:00,0.0,1011.1,66.0,0.0,0.0,2025-08-21 06:19:14-07:00,2025-08-21 19:32:39-07:00,1000.5472,22.8605,27.068834,0.0,3.0,260.53775,2.8799999,2.1897945
24.110758,28.542242,6.0,16.252674,2025-08-21 07:00:00+00:00,0.0,1011.1,69.0,0.0,0.0,2025-08-21 06:19:14-07:00,2025-08-21 19:32:39-07:00,1000.5239,22.2105,27.068834,0.0,3.0,53.13002,2.16,1.8
22.599388,28.542242,13.0,16.714579,2025-08-21 08:00:00+00:00,0.0,1011.0,76.0,0.0,0.0,2025-08-21 06:19:14-07:00,2025-08-21 19:32:39-07:00,1000.3857,21.1105,27.068834,0.0,3.0,75.96373,6.12,5.937272
23.619568,28.542242,35.0,15.651901,2025-08-21 09:00:00+00:00,0.0,1010.8,66.0,0.0,0.0,2025-08-21 06:19:14-07:00,2025-08-21 19:32:39-07:00,1000.23083,22.310501,27.068834,0.0,3.0,59.03632,3.96,4.198285
22.26236,28.542242,4.0,15.165168,2025-08-21 10:00:00+00:00,0.0,1010.8,68.0,0.0,0.0,2025-08-21 06:19:14-07:00,2025-08-21 19:32:39-07:00,1000.19507,21.310501,27.068834,0.0,3.0,160.34608,7.2,5.3517847
22.391298,28.542242,46.0,15.503183,2025-08-21 11:00:00+00:00,0.0,1010.7,71.0,0.0,0.0,2025-08-21 06:19:14-07:00,2025-08-21 19:32:39-07:00,1000.08356,20.9605,27.068834,0.0,3.0,75.96373,3.6,2.968636
22.663794,28.542242,43.0,14.558771,2025-08-21 12:00:00+00:00,0.0,1010.4,66.0,0.0,0.0,2025-08-21 06:19:14-07:00,2025-08-21 19:32:39-07:00,999.7939,21.1605,27.068834,0.0,3.0,270.0,2.52,0.0
20.663216,28.542242,45.0,14.228742,2025-08-21 13:00:00+00:00,0.0,1010.5,70.0,0.0,0.0,2025-08-21 06:19:14-07:00,2025-08-21 19:32:39-07:00,999.8461,19.8605,27.068834,0.0,3.0,84.805664,3.96,3.9763298
21.331917,28.542242,47.0,15.347488,2025-08-21 14:00:00+00:00,0.0,1010.8,75.0,25.0,0.0,2025-08-21 06:19:14-07:00,2025-08-21 19:32:39-07:00,1000.14484,19.9105,27.068834,0.1,3.0,15.945477,2.52,2.6208394
26.771215,28.542242,5.0,18.583231,2025-08-21 15:00:00+00:00,0.0,1011.0,73.0,182.25,0.0,2025-08-21 06:19:14-07:00,2025-08-21 19:32:39-07:00,1000.47833,23.7105,27.068834,0.95,3.0,243.43501,5.04,0.8049845
28.498062,28.542242,44.0,17.955954,2025-08-21 16:00:00+00:00,0.0,1011.1,61.0,395.75,0.0,2025-08-21 06:19:14-07:00,2025-08-21 19:32:39-07:00,1000.6593,26.060501,27.068834,2.5,3.0,234.46223,3.2399998,3.096837
32.4491,28.542242,2.0,19.493177,2025-08-21 17:00:00+00:00,0.0,1011.3,57.0,603.25,0.0,2025-08-21 06:19:14-07:00,2025-08-21 19:32:39-07:00,1000.95337,28.8605,27.068834,4.3,3.0,188.13002,3.6,2.5455842
36.036396,28.542242,1.0,19.403194,2025-08-21 18:00:00+00:00,0.0,1010.9,48.0,765.0,0.0,2025-08-21 06:19:14-07:00,2025-08-21 19:32:39-07:00,1000.6555,31.7605,27.068834,6.05,3.0,241.38963,5.3999996,4.510787
37.125877,28.542242,19.0,16.202402,2025-08-21 19:00:00+00:00,0.0,1010.7,34.0,880.25,0.0,2025-08-21 06:19:14-07:00,2025-08-21 19:32:39-07:00,1000.54193,34.3105,27.068834,7.3,3.0,218.2902,9.36,8.714677
37.865982,28.542242,11.0,16.770203,2025-08-21 20:00:00+00:00,0.0,1010.3,34.0,930.5,0.0,2025-08-21 06:19:14-07:00,2025-08-21 19:32:39-07:00,1000.16705,34.9605,27.068834,7.4,3.0,245.09526,11.879999,11.113451
37.591663,28.542242,41.0,14.8872385,2025-08-21 21:00:00+00:00,0.0,1009.7,29.0,925.25,0.0,2025-08-21 06:19:14-07:00,2025-08-21 19:32:39-07:00,999.596,35.6605,27.068834,7.15,3.0,251.0295,13.679999,12.181625
36.394516,28.542242,62.0,11.753252,2025-08-21 22:00:00+00:00,0.0,1009.1,23.0,863.0,0.0,2025-08-21 06:19:14-07:00,2025-08-21 19:32:39-07:00,999.01825,36.1605,27.068834,6.05,3.0,246.80139,15.119999,13.708391
33.92183,28.542242,12.0,12.187642,2025-08-21 23:00:00+00:00,0.0,1008.6,26.0,721.25,0.0,2025-08-21 06:19:14-07:00,2025-08-21 19:32:39-07:00,998.4677,34.4605,27.068834,5.3,3.0,254.24875,16.919998,14.587776
33.45666,28.649483,99.0,16.343884,2025-08-22 00:00:00+00:00,0.0,1007.9,37.0,512.0,0.0,2025-08-22 06:19:56-07:00,2025-08-22 19:31:25-07:00,997.7257,32.9605,26.602165,3.45,3.0,262.8751,15.119999,11.609651
31.149807,28.649483,54.0,17.15408,2025-08-22 01:00:00+00:00,0.0,1007.6,44.0,301.75,0.0,2025-08-22 06:19:56-07:00,2025-08-22 19:31:25-07:00,997.357,30.810501,26.602165,2.1,3.0,253.30067,18.359999,15.034041
29.153893,28.649483,2.0,12.708511,2025-08-22 02:00:00+00:00,0.0,1007.5,35.0,140.25,0.0,2025-08-22 06:19:56-07:00,2025-08-22 19:31:25-07:00,997.2245,29.810501,26.602165,0.75,3.0,233.53067,12.959999,10.296251
26.353792,28.649483,7.0,15.661148,2025-08-22 03:00:00+00:00,0.0,1008.2,54.0,10.75,0.0,2025-08-22 06:19:56-07:00,2025-08-22 19:31:25-07:00,997.7755,25.6605,26.602165,0.05,3.0,250.0168,11.879999,8.427383
25.93687,28.649483,14.0,14.906963,2025-08-22 04:00:00+00:00,0.0,1009.0,53.0,0.0,0.0,2025-08-22 06:19:56-07:00,2025-08-22 19:31:25-07:00,998.5497,25.1605,26.602165,0.0,3.0,222.5104,6.8399997,5.8603754
26.422834,28.649483,6.0,14.84214,2025-08-22 05:00:00+00:00,0.0,1009.6,52.0,0.0,0.0,2025-08-22 06:19:56-07:00,2025-08-22 19:31:25-07:00,999.15216,25.4105,26.602165,0.0,3.0,224.9999,9.0,4.072935
26.242983,28.649483,2.0,16.221409,2025-08-22 06:00:00+00:00,0.0,1009.3,58.0,0.0,0.0,2025-08-22 06:19:56-07:00,2025-08-22 19:31:25-07:00,998.843,25.060501,26.602165,0.0,3.0,202.38017,8.28,6.6185193
25.557987,28.649483,5.0,17.399252,2025-08-22 07:00:00+00:00,0.0,1009.6,69.0,0.0,0.0,2025-08-22 06:19:56-07:00,2025-08-22 19:31:25-07:00,999.0823,23.4105,26.602165,0.0,3.0,251.56496,5.3999996,3.4152596
26.376991,28.649483,2.0,18.235962,2025-08-22 08:00:00+00:00,0.0,1009.5,71.0,0.0,0.0,2025-08-22 06:19:56-07:00,2025-08-22 19:31:25-07:00,998.9975,23.810501,26.602165,0.0,3.0,215.53777,2.8799999,3.096837
24.876583,28.649483,2.0,18.17963,2025-08-22 09:00:00+00:00,0.0,1009.4,77.0,0.0,0.0,2025-08-22 06:19:56-07:00,2025-08-22 19:31:25-07:00,998.84894,22.4105,26.602165,0.0,3.0,264.2895,4.68,3.6179552
26.22296,28.649483,7.0,18.266983,2025-08-22 10:00:00+00:00,0.0,1009.3,72.0,0.0,0.0,2025-08-22 06:19:56-07:00,2025-08-22 19:31:25-07:00,998.79224,23.6105,26.602165,0.0,3.0,270.0,4.68,2.8799999
23.70635,28.649483,0.0,17.965801,2025-08-22 11:00:00+00:00,0.0,1009.1,82.0,0.0,0.0,2025-08-22 06:19:56-07:00,2025-08-22 19:31:25-07:00,998.5075,21.1605,26.602165,0.0,3.0,296.56497,2.8799999,2.4149535
24.3765,28.649483,0.0,19.192162,2025-08-22 12:00:00+00:00,0.0,1008.8,88.0,0.0,0.0,2025-08-22 06:19:56-07:00,2025-08-22 19:31:25-07:00,998.2142,21.2605,26.602165,0.0,3.0,296.56497,5.3999996,2.4149535
25.422754,28.649483,0.0,18.222673,2025-08-22 13:00:00+00:00,0.0,1009.2,74.0,0.0,0.0,2025-08-22 06:19:56-07:00,2025-08-22 19:31:25-07:00,998.6757,23.1105,26.602165,0.0,3.0,102.99462,5.04,4.802999
25.10481,28.649483,3.0,17.18135,2025-08-22 14:00:00+00:00,0.0,1009.6,71.0,23.5,0.0,2025-08-22 06:19:56-07:00,2025-08-22 19:31:25-07:00,999.0575,22.7105,26.602165,0.1,3.0,360.0,1.8,1.08
27.34491,28.649483,3.0,15.948149,2025-08-22 15:00:00+00:00,0.0,1010.2,55.0,175.5,0.0,2025-08-22 06:19:56-07:00,2025-08-22 19:31:25-07:00,999.7548,25.6605,26.602165,0.95,3.0,26.564985,2.8799999,2.4149535
29.047512,28.649483,0.0,17.202091,2025-08-22 16:00:00+00:00,0.0,1010.5,55.0,386.75,0.0,2025-08-22 06:19:56-07:00,2025-08-22 19:31:25-07:00,1000.09845,27.0105,26.602165,2.5,3.0,224.9999,3.6,3.563818
31.63662,28.649483,1.0,17.676931,2025-08-22 17:00:00+00:00,0.0,1010.7,50.0,593.25,0.0,2025-08-22 06:19:56-07:00,2025-08-22 19:31:25-07:00,1000.36993,29.1605,26.602165,4.3,3.0,201.80147,3.6,3.8773184
35.039658,28.649483,0.0,16.551079,2025-08-22 18:00:00+00:00,0.0,1010.5,39.0,761.25,0.0,2025-08-22 06:19:56-07:00,2025-08-22 19:31:25-07:00,1000.2762,32.2605,26.602165,6.0,3.0,230.19447,6.4799995,5.6233797
38.82968,28.649483,0.0,18.5951,2025-08-22 19:00:00+00:00,0.0,1010.3,39.0,880.25,0.0,2025-08-22 06:19:56-07:00,2025-08-22 19:31:25-07:00,1000.15405,34.5605,26.602165,7.3,3.0,206.56499,7.2,6.439876
39.785183,28.649483,0.0,17.866423,2025-08-22 20:00:00+00:00,0.0,1009.6,33.0,935.25,0.0,2025-08-22 06:19:56-07:00,2025-08-22 19:31:25-07:00,999.5327,36.7605,26.602165,7.95,3.0,244.1337,13.679999,13.202726
37.59714,28.649483,4.0,16.272503,2025-08-22 21:00:00+00:00,0.0,1009.0,31.0,925.0,0.0,2025-08-22 06:19:56-07:00,2025-08-22 19:31:25-07:00,998.9161,36.0605,26.602165,7.9,3.0,248.19853,20.519999,17.447933
34.790615,28.649483,0.0,16.940632,2025-08-22 22:00:00+00:00,0.0,1008.7,38.0,860.0,0.0,2025-08-22 06:19:56-07:00,2025-08-22 19:31:25-07:00,998.52423,33.1605,26.602165,7.15,3.0,257.4712,20.16,16.595179
31.932281,28.649483,3.0,17.018663,2025-08-22 23:00:00+00:00,0.0,1008.9,44.0,732.75,0.0,2025-08-22 06:19:56-07:00,2025-08-22 19:31:25-07:00,998.6388,30.6605,26.602165,5.8,3.0,254.62369,18.0,14.934577
28.777271,,4.0,15.951785,2025-08-23 00:00:00+00:00,0.0,1008.9,46.0,553.5,0.0,,,998.5729,28.7105,,4.05,,257.79956,16.56,13.627795
27.784935,,4.0,17.717348,2025-08-23 01:00:00+00:00,0.0,1010.0,58.0,350.75,0.0,,,999.5913,26.6605,,2.25,,259.046,13.679999,11.367109
25.96028,,2.0,16.314919,2025-08-23 02:00:00+00:00,0.0,1011.3,58.0,138.25,0.0,,,1000.82587,25.1605,,0.75,,232.69597,11.879999,9.504272
25.260218,,1.0,16.02713,2025-08-23 03:00:00+00:00,0.0,1012.6,61.0,9.0,0.0,,,1002.0721,24.0105,,0.05,,230.19447,9.36,5.6233797
25.014082,,85.0,16.649767,2025-08-23 04:00:00+00:00,0.0,1012.4,66.0,0.0,0.0,,,1001.85126,23.3605,,0.0,,231.34016,5.7599998,4.6102495
23.342688,,35.0,17.278425,2025-08-23 05:00:00+00:00,0.0,1011.7,75.0,0.0,0.0,,,1001.10706,21.9105,,0.0,,288.43503,10.799999,7.968939
23.79965,,100.0,17.230162,2025-08-23 06:00:00+00:00,0.0,1012.1,75.0,0.0,0.0,,,1001.50116,21.8605,,0.0,,155.55606,6.12,4.3498964
